-- --------------------------------------------------------
-- 主机:                           127.0.0.1
-- 服务器版本:                        5.6.30 - MySQL Community Server (GPL)
-- 服务器操作系统:                      Linux
-- HeidiSQL 版本:                  9.3.0.4984
-- --------------------------------------------------------

/*!40101 SET @OLD_CHARACTER_SET_CLIENT=@@CHARACTER_SET_CLIENT */;
/*!40101 SET NAMES utf8mb4 */;
/*!40014 SET @OLD_FOREIGN_KEY_CHECKS=@@FOREIGN_KEY_CHECKS, FOREIGN_KEY_CHECKS=0 */;
/*!40101 SET @OLD_SQL_MODE=@@SQL_MODE, SQL_MODE='NO_AUTO_VALUE_ON_ZERO' */;

-- 导出 db_zlpj 的数据库结构
DROP DATABASE IF EXISTS `db_zlpj`;
CREATE DATABASE IF NOT EXISTS `db_zlpj` /*!40100 DEFAULT CHARACTER SET utf8 */;
USE `db_zlpj`;


-- 导出  表 db_zlpj.ahp 结构
DROP TABLE IF EXISTS `ahp`;
CREATE TABLE IF NOT EXISTS `ahp` (
  `id` int(10) unsigned NOT NULL AUTO_INCREMENT,
  `aim` varchar(50) NOT NULL,
  `argueDate` date NOT NULL,
  `ahpModel` varchar(1500) NOT NULL,
  `gid` int(11) DEFAULT NULL,
  PRIMARY KEY (`id`)
) ENGINE=InnoDB AUTO_INCREMENT=2 DEFAULT CHARSET=utf8;

-- 正在导出表  db_zlpj.ahp 的数据：~0 rows (大约)
DELETE FROM `ahp`;
/*!40000 ALTER TABLE `ahp` DISABLE KEYS */;
INSERT INTO `ahp` (`id`, `aim`, `argueDate`, `ahpModel`, `gid`) VALUES
	(1, '研发新武器', '2016-07-09', '目标: 研发新武器\n准则: 杀伤力 射程 资金投入 研发周期 技术难度 \n方案: 武器甲 武器乙 武器丙 \n\n准则层判断矩阵: \n1    1/2  4    3    3    \n2    1    7    5    5    \n1/4  1/7  1    1/2  1/3  \n1/3  1/5  2    1    1    \n1/3  1/5  3    1    1    \n\n方案层判断矩阵: \n准则: 杀伤力\n1    2    5    \n1/2  1    2    \n1/5  1/2  1    \n\n准则: 射程\n1    1/3  1/8  \n3    1    1/3  \n8    3    1    \n\n准则: 资金投入\n1    1    3    \n1    1    3    \n1/3  1/3  1    \n\n准则: 研发周期\n1    3    4    \n1/3  1    1    \n1/4  1    1    \n\n准则: 技术难度\n1    1    1/4  \n1    1    1/4  \n4    4    1    \n\n方案权重\n武器甲: 0.299\n武器乙: 0.245\n武器丙: 0.455\n', 7);
/*!40000 ALTER TABLE `ahp` ENABLE KEYS */;


-- 导出  表 db_zlpj.anp 结构
DROP TABLE IF EXISTS `anp`;
CREATE TABLE IF NOT EXISTS `anp` (
  `id` int(10) unsigned NOT NULL AUTO_INCREMENT,
  `anpaim` varchar(50) NOT NULL,
  `anpargueTime` date NOT NULL,
  `anpModel` varchar(1500) NOT NULL,
  `anpconclusion` varchar(1500) NOT NULL,
  `gid` int(20) DEFAULT NULL,
  PRIMARY KEY (`id`)
) ENGINE=InnoDB AUTO_INCREMENT=3 DEFAULT CHARSET=utf8;

-- 正在导出表  db_zlpj.anp 的数据：~0 rows (大约)
DELETE FROM `anp`;
/*!40000 ALTER TABLE `anp` DISABLE KEYS */;
INSERT INTO `anp` (`id`, `anpaim`, `anpargueTime`, `anpModel`, `anpconclusion`, `gid`) VALUES
	(1, '选车', '2016-06-07', '目标: 选车\n准则: 成本 维修 耐用性 \n方案: 美国车 欧洲车 日本车 \n\n准则权重矩阵: \n0.300  0.200  0.600  \n0.400  0.250  0.300  \n0.300  0.550  0.100  \n\n方案对准则判断矩阵: \n准则: 成本\n1.000  5.000  3.000  \n0.200  1.000  0.333  \n0.333  3.000  1.000  \n\n准则: 维修\n1.000  5.000  2.000  \n0.200  1.000  0.333  \n0.500  3.000  1.000  \n\n准则: 耐用性\n1.000  0.200  0.333  \n5.000  1.000  3.000  \n3.000  0.333  1.000  \n\n\n准则对方案判断矩阵: \n方案: 美国车\n1.000  3.000  4.000  \n0.333  1.000  1.000  \n0.250  1.000  1.000  \n\n方案: 欧洲车\n1.000  1.000  0.500  \n1.000  1.000  0.500  \n2.000  2.000  1.000  \n\n方案: 日本车\n1.000  2.000  1.000  \n0.500  1.000  0.500  \n1.000  2.000  1.000  \n\n方案权重\n成本: 0.278\n维修: 0.179\n耐用性: 0.210\n美国车: 0.152\n欧洲车: 0.091\n日本车: 0.091\n', '说到底是梵蒂冈', 6),
	(2, '导弹部署地选择', '2016-07-09', '目标: 导弹部署地选择\n准则: 震慑力 费用 地理条件 \n方案: 南海 东北 西南 \n\n准则权重矩阵: \n0.300  0.200  0.600  \n0.400  0.250  0.300  \n0.300  0.550  0.100  \n\n方案对准则判断矩阵: \n准则: 震慑力\n1.000  5.000  3.000  \n0.200  1.000  0.333  \n0.333  3.000  1.000  \n\n准则: 费用\n1.000  5.000  2.000  \n0.200  1.000  0.333  \n0.500  3.000  1.000  \n\n准则: 地理条件\n1.000  0.200  0.333  \n5.000  1.000  3.000  \n3.000  0.333  1.000  \n\n\n准则对方案判断矩阵: \n方案: 南海\n1.000  3.000  4.000  \n0.333  1.000  1.000  \n0.250  1.000  1.000  \n\n方案: 东北\n1.000  1.000  0.500  \n1.000  1.000  0.500  \n2.000  2.000  1.000  \n\n方案: 西南\n1.000  2.000  1.000  \n0.500  1.000  0.500  \n1.000  2.000  1.000  \n\n方案权重\n震慑力: 0.278\n费用: 0.179\n地理条件: 0.210\n南海: 0.152\n东北: 0.091\n西南: 0.091\n', '从法国的风格', 8);
/*!40000 ALTER TABLE `anp` ENABLE KEYS */;


-- 导出  表 db_zlpj.dea 结构
DROP TABLE IF EXISTS `dea`;
CREATE TABLE IF NOT EXISTS `dea` (
  `id` int(10) unsigned NOT NULL AUTO_INCREMENT,
  `deaaim` varchar(50) NOT NULL,
  `deaargueTime` date NOT NULL,
  `deaModel` varchar(1500) NOT NULL,
  `deaconclusion` varchar(1500) NOT NULL,
  PRIMARY KEY (`id`)
) ENGINE=InnoDB AUTO_INCREMENT=3 DEFAULT CHARSET=utf8;

-- 正在导出表  db_zlpj.dea 的数据：~0 rows (大约)
DELETE FROM `dea`;
/*!40000 ALTER TABLE `dea` DISABLE KEYS */;
INSERT INTO `dea` (`id`, `deaaim`, `deaargueTime`, `deaModel`, `deaconclusion`) VALUES
	(1, '银行各分理处', '2016-06-06', '目标: 银行各分理处\n各目标名称: 分理处1 分理处2 分理处3 分理处4 \n投入决策: 职员数 营业面积 \n产出决策: 储蓄存款 贷款 中间业务 \n\n投入矩阵: \n15.000  140.000  \n20.000  130.000  \n21.000  120.000  \n20.000  135.000  \n\n产出矩阵: \n1800.000  200.000  1600.000  \n1000.000  350.000  1000.000  \n800.000  450.000  1300.000  \n900.000  420.000  1500.000  \n\nDEA有效性指标E\n分理处1: 1.000\n分理处2: 0.966\n分理处3: 1.000\n分理处4: 0.988\n', ''),
	(2, '导弹基地对比', '2016-07-09', '目标: 导弹基地对比\n各目标名称: 52基地 53基地 54基地 55基地 \n投入决策: 军人 基地面积 \n产出决策: 震慑力 覆盖范围 其他 \n\n投入矩阵: \n15.000  140.000  \n20.000  130.000  \n21.000  120.000  \n20.000  135.000  \n\n产出矩阵: \n1800.000  200.000  1600.000  \n1000.000  350.000  1000.000  \n800.000  450.000  1300.000  \n900.000  420.000  1500.000  \n\nDEA有效性指标E\n52基地: 1.000\n53基地: 0.966\n54基地: 1.000\n55基地: 0.988\n', '寡鹄单凫');
/*!40000 ALTER TABLE `dea` ENABLE KEYS */;


-- 导出  表 db_zlpj.edges 结构
DROP TABLE IF EXISTS `edges`;
CREATE TABLE IF NOT EXISTS `edges` (
  `id` int(11) NOT NULL,
  `source` varchar(32) DEFAULT '',
  `target` varchar(32) DEFAULT '',
  `label` text,
  `weight` double DEFAULT '1',
  `gid` int(11) NOT NULL DEFAULT '-1'
) ENGINE=InnoDB DEFAULT CHARSET=utf8;

-- 正在导出表  db_zlpj.edges 的数据：~42 rows (大约)
DELETE FROM `edges`;
/*!40000 ALTER TABLE `edges` DISABLE KEYS */;
INSERT INTO `edges` (`id`, `source`, `target`, `label`, `weight`, `gid`) VALUES
	(4, '2', '3', '1.1', 1.1, 2),
	(4, '2', '3', '1.1', 1.1, 3),
	(4, '2', '3', '1.1', 1.1, 4),
	(7, '3', '2', '', 1, 5),
	(8, '5', '3', '', 1, 5),
	(9, '6', '3', '', 1, 5),
	(10, '4', '2', '', 1, 5),
	(11, '5', '4', '', 1, 5),
	(12, '6', '4', '', 1, 5),
	(9, '3', '2', '', 1, 6),
	(10, '3', '4', '', 1, 6),
	(11, '4', '3', '', 1, 6),
	(12, '4', '5', '', 1, 6),
	(13, '5', '4', '', 1, 6),
	(14, '5', '3', '', 1, 6),
	(15, '3', '5', '', 1, 6),
	(11, '3', '2', '', 1, 7),
	(12, '8', '3', '', 1, 7),
	(13, '9', '3', '', 1, 7),
	(14, '10', '3', '', 1, 7),
	(15, '4', '2', '', 1, 7),
	(16, '8', '4', '', 1, 7),
	(17, '9', '4', '', 1, 7),
	(18, '10', '4', '', 1, 7),
	(19, '5', '2', '', 1, 7),
	(20, '8', '5', '', 1, 7),
	(21, '9', '5', '', 1, 7),
	(22, '10', '5', '', 1, 7),
	(23, '6', '2', '', 1, 7),
	(24, '8', '6', '', 1, 7),
	(25, '9', '6', '', 1, 7),
	(26, '10', '6', '', 1, 7),
	(27, '7', '2', '', 1, 7),
	(28, '8', '7', '', 1, 7),
	(29, '9', '7', '', 1, 7),
	(30, '10', '7', '', 1, 7),
	(9, '3', '2', '', 1, 8),
	(10, '3', '4', '', 1, 8),
	(11, '4', '3', '', 1, 8),
	(12, '4', '5', '', 1, 8),
	(13, '5', '4', '', 1, 8),
	(14, '5', '3', '', 1, 8),
	(15, '3', '5', '', 1, 8);
/*!40000 ALTER TABLE `edges` ENABLE KEYS */;


-- 导出  表 db_zlpj.fuzzy 结构
DROP TABLE IF EXISTS `fuzzy`;
CREATE TABLE IF NOT EXISTS `fuzzy` (
  `id` int(10) unsigned NOT NULL AUTO_INCREMENT,
  `fuzzyaim` varchar(50) NOT NULL,
  `fuzzyargueTime` date NOT NULL,
  `fuzzyModel` varchar(1500) NOT NULL,
  `fuzzyconclusion` varchar(1500) NOT NULL,
  PRIMARY KEY (`id`)
) ENGINE=InnoDB AUTO_INCREMENT=3 DEFAULT CHARSET=utf8;

-- 正在导出表  db_zlpj.fuzzy 的数据：~2 rows (大约)
DELETE FROM `fuzzy`;
/*!40000 ALTER TABLE `fuzzy` DISABLE KEYS */;
INSERT INTO `fuzzy` (`id`, `fuzzyaim`, `fuzzyargueTime`, `fuzzyModel`, `fuzzyconclusion`) VALUES
	(1, '服装评判', '2016-06-07', '目标: 服装评判\n准则: 花色 式样 耐穿程度 价格 \n方案: 很好 好 一般 差 \n\n指标权重向量: \n0.100  0.200  0.300  0.400  \n\n模糊评价矩阵断矩阵: \n0.200  0.500  0.200  0.100  \n0.700  0.200  0.100  0.000  \n0.000  0.400  0.500  0.100  \n0.200  0.300  0.500  0.000  \n\n评价权重\n很好: 0.240\n好: 0.330\n一般: 0.390\n差: 0.040\n', ''),
	(2, '服装评判', '2016-06-07', '目标: 服装评判\n准则: 花色 式样 耐穿程度 价格 \n方案: 很好 好 一般 差 \n\n指标权重向量: \n0.100  0.200  0.300  0.400  \n\n模糊评价矩阵断矩阵: \n0.200  0.500  0.200  0.100  \n0.700  0.200  0.100  0.000  \n0.000  0.400  0.500  0.100  \n0.200  0.300  0.500  0.000  \n\n评价权重\n很好: 0.240\n好: 0.330\n一般: 0.390\n差: 0.040\n', '华工');
/*!40000 ALTER TABLE `fuzzy` ENABLE KEYS */;


-- 导出  表 db_zlpj.graphs 结构
DROP TABLE IF EXISTS `graphs`;
CREATE TABLE IF NOT EXISTS `graphs` (
  `id` int(11) NOT NULL AUTO_INCREMENT,
  `name` varchar(256) DEFAULT NULL,
  `edgeFontSize` int(11) DEFAULT '18',
  `nodeFontSize` int(11) DEFAULT '26',
  PRIMARY KEY (`id`)
) ENGINE=InnoDB AUTO_INCREMENT=9 DEFAULT CHARSET=utf8;

-- 正在导出表  db_zlpj.graphs 的数据：~6 rows (大约)
DELETE FROM `graphs`;
/*!40000 ALTER TABLE `graphs` DISABLE KEYS */;
INSERT INTO `graphs` (`id`, `name`, `edgeFontSize`, `nodeFontSize`) VALUES
	(3, 'hoho', 22, 45),
	(4, 'hoho', 22, 45),
	(5, '', 22, 22),
	(6, '', 22, 22),
	(7, '', 22, 22),
	(8, '', 22, 22);
/*!40000 ALTER TABLE `graphs` ENABLE KEYS */;


-- 导出  表 db_zlpj.lec_table 结构
DROP TABLE IF EXISTS `lec_table`;
CREATE TABLE IF NOT EXISTS `lec_table` (
  `id` int(11) NOT NULL AUTO_INCREMENT,
  `PROJECTNAME` varchar(50) DEFAULT NULL,
  `PROJECTTIME` date NOT NULL,
  `PEOPLE` varchar(100) DEFAULT NULL,
  `RISKNAME` varchar(50) DEFAULT NULL,
  `L` float DEFAULT NULL,
  `E` float DEFAULT NULL,
  `C` float DEFAULT NULL,
  `D` float DEFAULT NULL,
  `RISKLEVEL` varchar(20) DEFAULT NULL,
  PRIMARY KEY (`id`)
) ENGINE=InnoDB AUTO_INCREMENT=14 DEFAULT CHARSET=utf8;

-- 正在导出表  db_zlpj.lec_table 的数据：~6 rows (大约)
DELETE FROM `lec_table`;
/*!40000 ALTER TABLE `lec_table` DISABLE KEYS */;
INSERT INTO `lec_table` (`id`, `PROJECTNAME`, `PROJECTTIME`, `PEOPLE`, `RISKNAME`, `L`, `E`, `C`, `D`, `RISKLEVEL`) VALUES
	(7, '发给', '2016-05-15', '方式', '士大夫', 0.1, 0.5, 1, 0.05, '1级 '),
	(8, '发给', '2016-05-15', '方式', '是对方的说法', 0.1, 0.5, 1, 0.05, '1级 '),
	(9, '啥的', '2016-05-15', '是对方的说法', '第三方', 0.1, 0.5, 1, 0.05, '1级 '),
	(10, '啥的', '2016-05-15', '是对方的说法', '非共和国', 0.1, 0.5, 1, 0.05, '1级 '),
	(11, '南海问题', '2016-07-09', '张建 李明', '爆炸风险', 0.5, 6, 100, 300, '4级'),
	(12, '南海问题', '2016-07-09', '张建 李明', '沉船风险', 1, 2, 40, 80, '3级'),
	(13, '南海问题', '2016-07-09', '张建 李明', '碰撞风险', 1, 3, 7, 21, '2级');
/*!40000 ALTER TABLE `lec_table` ENABLE KEYS */;


-- 导出  表 db_zlpj.nodes 结构
DROP TABLE IF EXISTS `nodes`;
CREATE TABLE IF NOT EXISTS `nodes` (
  `id` int(11) NOT NULL,
  `label` text NOT NULL,
  `x` double DEFAULT NULL,
  `y` double DEFAULT NULL,
  `gid` int(11) NOT NULL DEFAULT '-1'
) ENGINE=InnoDB DEFAULT CHARSET=utf8;

-- 正在导出表  db_zlpj.nodes 的数据：~32 rows (大约)
DELETE FROM `nodes`;
/*!40000 ALTER TABLE `nodes` DISABLE KEYS */;
INSERT INTO `nodes` (`id`, `label`, `x`, `y`, `gid`) VALUES
	(2, 'haha', -28.300000000000004, -7.300000000000001, 2),
	(3, 'xixi\nhoho', 131.7, 245.4, 2),
	(2, 'haha', 20, 20, 3),
	(3, 'xixi\nhoho', 180, 300, 3),
	(2, 'haha', 20, 20, 4),
	(3, 'xixi\nhoho', 180, 300, 4),
	(2, '风扇的', 300, 37, 5),
	(3, '的', 150, 299, 5),
	(4, '发斯蒂芬', 450, 299, 5),
	(5, '第三方', 150, 524, 5),
	(6, '佛挡杀佛', 450, 524, 5),
	(2, '选车', 200, 125, 6),
	(3, '成本', 200, 170, 6),
	(4, '维修', 130, 290, 6),
	(5, '耐用性', 269, 290, 6),
	(6, '美国车', 120, 375, 6),
	(7, '欧洲车', 200, 375, 6),
	(8, '日本车', 280, 375, 6),
	(2, '研发新武器', 300, 18, 7),
	(3, '杀伤力', 60, 150, 7),
	(4, '射程', 180, 150, 7),
	(5, '资金投入', 300, 150, 7),
	(6, '研发周期', 420, 150, 7),
	(7, '技术难度', 540, 150, 7),
	(8, '武器甲', 180, 262, 7),
	(9, '武器乙', 300, 262, 7),
	(10, '武器丙', 420, 262, 7),
	(2, '导弹部署地选择', 250, 150, 8),
	(3, '震慑力', 250, 200, 8),
	(4, '费用', 163, 350, 8),
	(5, '地理条件', 336, 350, 8),
	(6, '南海', 170, 450, 8),
	(7, '东北', 250, 450, 8),
	(8, '西南', 330, 450, 8);
/*!40000 ALTER TABLE `nodes` ENABLE KEYS */;


-- 导出  表 db_zlpj.riskinformation 结构
DROP TABLE IF EXISTS `riskinformation`;
CREATE TABLE IF NOT EXISTS `riskinformation` (
  `ID` int(20) NOT NULL AUTO_INCREMENT,
  `ProjectID` int(20) DEFAULT NULL,
  `ProjectName` varchar(50) DEFAULT NULL,
  `RiskName` varchar(50) DEFAULT NULL,
  `RiskImpact` varchar(50) DEFAULT NULL,
  `RiskImpactNumber` float DEFAULT NULL,
  `RiskProbability` int(20) DEFAULT NULL,
  `RiskLevel` varchar(50) DEFAULT NULL,
  `BordaNumber` int(20) DEFAULT NULL,
  `BordaOrder` int(20) DEFAULT NULL,
  `RiskControl` varchar(100) DEFAULT NULL,
  PRIMARY KEY (`ID`)
) ENGINE=MyISAM AUTO_INCREMENT=156 DEFAULT CHARSET=utf8;

-- 正在导出表  db_zlpj.riskinformation 的数据：7 rows
DELETE FROM `riskinformation`;
/*!40000 ALTER TABLE `riskinformation` DISABLE KEYS */;
INSERT INTO `riskinformation` (`ID`, `ProjectID`, `ProjectName`, `RiskName`, `RiskImpact`, `RiskImpactNumber`, `RiskProbability`, `RiskLevel`, `BordaNumber`, `BordaOrder`, `RiskControl`) VALUES
	(149, 1, '南海问题', '政治风险', '关键', 5, 10, '中', 9, 4, 'null'),
	(150, 1, '南海问题', '经济风险', '一般', 3, 10, '低', 4, 6, 'null'),
	(151, 1, '南海问题', '武器装备', '关键', 5, 60, '高', 12, 0, 'null'),
	(152, 1, '南海问题', '后勤保障', '严重', 4.5, 90, '中', 12, 0, 'null'),
	(153, 1, '南海问题', '制空权', '严重', 4, 90, '中', 10, 2, 'null'),
	(154, 1, '南海问题', '制海权', '严重', 4.5, 60, '中', 10, 2, 'null'),
	(155, 1, '南海问题', '美日澳干涉', '一般', 3, 40, '中', 5, 5, 'null');
/*!40000 ALTER TABLE `riskinformation` ENABLE KEYS */;


-- 导出  表 db_zlpj.riskproject 结构
DROP TABLE IF EXISTS `riskproject`;
CREATE TABLE IF NOT EXISTS `riskproject` (
  `ProjectID` int(20) NOT NULL DEFAULT '0',
  `ProjectName` varchar(50) DEFAULT NULL,
  `ProjectTime` date NOT NULL,
  `People` varchar(100) DEFAULT NULL,
  PRIMARY KEY (`ProjectID`)
) ENGINE=MyISAM AUTO_INCREMENT=129 DEFAULT CHARSET=utf8;

-- 正在导出表  db_zlpj.riskproject 的数据：1 rows
DELETE FROM `riskproject`;
/*!40000 ALTER TABLE `riskproject` DISABLE KEYS */;
INSERT INTO `riskproject` (`ProjectID`, `ProjectName`, `ProjectTime`, `People`) VALUES
	(1, '南海问题', '2016-07-09', '张建 李明');
/*!40000 ALTER TABLE `riskproject` ENABLE KEYS */;


-- 导出 juece_2 的数据库结构
DROP DATABASE IF EXISTS `juece_2`;
CREATE DATABASE IF NOT EXISTS `juece_2` /*!40100 DEFAULT CHARACTER SET utf8 */;
USE `juece_2`;


-- 导出  表 juece_2.benefit_table 结构
DROP TABLE IF EXISTS `benefit_table`;
CREATE TABLE IF NOT EXISTS `benefit_table` (
  `id` varchar(225) DEFAULT NULL,
  `action` varchar(225) DEFAULT NULL,
  `childAction` varchar(225) DEFAULT NULL,
  `value` varchar(225) DEFAULT NULL,
  `state` varchar(225) DEFAULT NULL
) ENGINE=InnoDB DEFAULT CHARSET=utf8;

-- 正在导出表  juece_2.benefit_table 的数据：~16 rows (大约)
DELETE FROM `benefit_table`;
/*!40000 ALTER TABLE `benefit_table` DISABLE KEYS */;
INSERT INTO `benefit_table` (`id`, `action`, `childAction`, `value`, `state`) VALUES
	('1829', '从A1点出战', '使用武器B1', '5', '天气好'),
	('1829', '从A1点出战', '使用武器B1', '40', '天气坏'),
	('1829', '从A1点出战', '使用武器B2', '8', '天气好'),
	('1829', '从A1点出战', '使用武器B2', '41', '天气坏'),
	('1829', '从A2点出战', '使用武器B1', '1', '天气好'),
	('1829', '从A2点出战', '使用武器B1', '30', '天气坏'),
	('1829', '从A2点出战', '使用武器B2', '6', '天气好'),
	('1829', '从A2点出战', '使用武器B2', '50', '天气坏'),
	('3782', '从A1点出战', '使用武器B1', '5', '天气好'),
	('3782', '从A1点出战', '使用武器B1', '40', '天气坏'),
	('3782', '从A1点出战', '使用武器B2', '8', '天气好'),
	('3782', '从A1点出战', '使用武器B2', '41', '天气坏'),
	('3782', '从A2点出战', '使用武器B1', '1', '天气好'),
	('3782', '从A2点出战', '使用武器B1', '30', '天气坏'),
	('3782', '从A2点出战', '使用武器B2', '6', '天气好'),
	('3782', '从A2点出战', '使用武器B2', '50', '天气坏');
/*!40000 ALTER TABLE `benefit_table` ENABLE KEYS */;


-- 导出  表 juece_2.chance_table 结构
DROP TABLE IF EXISTS `chance_table`;
CREATE TABLE IF NOT EXISTS `chance_table` (
  `id` varchar(225) DEFAULT NULL,
  `state` varchar(225) DEFAULT NULL,
  `chance` varchar(225) DEFAULT NULL
) ENGINE=InnoDB DEFAULT CHARSET=utf8;

-- 正在导出表  juece_2.chance_table 的数据：~4 rows (大约)
DELETE FROM `chance_table`;
/*!40000 ALTER TABLE `chance_table` DISABLE KEYS */;
INSERT INTO `chance_table` (`id`, `state`, `chance`) VALUES
	('1829', '天气好', '0.4 '),
	('1829', '天气坏', '0.6'),
	('3782', '天气好', '0.4 '),
	('3782', '天气坏', '0.6');
/*!40000 ALTER TABLE `chance_table` ENABLE KEYS */;


-- 导出  表 juece_2.topic_table 结构
DROP TABLE IF EXISTS `topic_table`;
CREATE TABLE IF NOT EXISTS `topic_table` (
  `id` varchar(225) DEFAULT NULL,
  `topicName` varchar(225) DEFAULT NULL,
  `actionNum` varchar(225) DEFAULT NULL,
  `stateNum` varchar(225) DEFAULT NULL,
  `childActionNum` varchar(225) DEFAULT NULL,
  `date` varchar(225) DEFAULT NULL
) ENGINE=InnoDB DEFAULT CHARSET=utf8;

-- 正在导出表  juece_2.topic_table 的数据：~3 rows (大约)
DELETE FROM `topic_table`;
/*!40000 ALTER TABLE `topic_table` DISABLE KEYS */;
INSERT INTO `topic_table` (`id`, `topicName`, `actionNum`, `stateNum`, `childActionNum`, `date`) VALUES
	('1829', '对某地实施开展决策', '2', '2', '2', '2016-07-04 00:56:52'),
	('3782', '对某地实施开展决策', '2', '2', '2', '2016-07-07 14:09:26');
/*!40000 ALTER TABLE `topic_table` ENABLE KEYS */;


-- 导出 markov 的数据库结构
DROP DATABASE IF EXISTS `markov`;
CREATE DATABASE IF NOT EXISTS `markov` /*!40100 DEFAULT CHARACTER SET utf8 */;
USE `markov`;


-- 导出  表 markov.benefit_table 结构
DROP TABLE IF EXISTS `benefit_table`;
CREATE TABLE IF NOT EXISTS `benefit_table` (
  `id` int(11) DEFAULT NULL,
  `actionName` varchar(255) DEFAULT NULL,
  `value` varchar(255) DEFAULT NULL,
  `stateName` varchar(255) DEFAULT NULL
) ENGINE=InnoDB DEFAULT CHARSET=utf8;

-- 正在导出表  markov.benefit_table 的数据：~68 rows (大约)
DELETE FROM `benefit_table`;
/*!40000 ALTER TABLE `benefit_table` DISABLE KEYS */;
INSERT INTO `benefit_table` (`id`, `actionName`, `value`, `stateName`) VALUES
	(8427, '行动1（飞机向前飞行）', '5.2', '状态1（飞机在位置1）'),
	(8427, '行动1（飞机向前飞行）', '-1', '状态2（飞机在位置2）'),
	(8427, '行动1（飞机向前飞行）', '5.0', '状态3（飞机在位置3）'),
	(8427, '行动2（飞机向后飞行）', '-5', '状态1（飞机在位置1）'),
	(8427, '行动2（飞机向后飞行）', '4.1', '状态2（飞机在位置2）'),
	(8427, '行动2（飞机向后飞行）', '6.0', '状态3（飞机在位置3）'),
	(8427, '行动3（飞机向左飞行）', '4.0', '状态1（飞机在位置1）'),
	(8427, '行动3（飞机向左飞行）', '4.0', '状态2（飞机在位置2）'),
	(8427, '行动3（飞机向左飞行）', '6.0', '状态3（飞机在位置3）'),
	(8427, '行动4（飞机向右飞行）', '5.0', '状态1（飞机在位置1）'),
	(8427, '行动4（飞机向右飞行）', '3.0', '状态2（飞机在位置2）'),
	(8427, '行动4（飞机向右飞行）', '4.0', '状态3（飞机在位置3）'),
	(9655, '行动1（飞机向前飞行）', '5.2', '状态1（飞机在位置1）'),
	(9655, '行动1（飞机向前飞行）', '-1', '状态2（飞机在位置2）'),
	(9655, '行动1（飞机向前飞行）', '5.0', '状态3（飞机在位置3）'),
	(9655, '行动2（飞机向后飞行）', '-5', '状态1（飞机在位置1）'),
	(9655, '行动2（飞机向后飞行）', '4.1', '状态2（飞机在位置2）'),
	(9655, '行动2（飞机向后飞行）', '6.0', '状态3（飞机在位置3）'),
	(9655, '行动3（飞机向左飞行）', '4.0', '状态1（飞机在位置1）'),
	(9655, '行动3（飞机向左飞行）', '4.0', '状态2（飞机在位置2）'),
	(9655, '行动3（飞机向左飞行）', '6.0', '状态3（飞机在位置3）'),
	(9655, '行动4（飞机向右飞行）', '5.0', '状态1（飞机在位置1）'),
	(9655, '行动4（飞机向右飞行）', '3.0', '状态2（飞机在位置2）'),
	(9655, '行动4（飞机向右飞行）', '4.0', '状态3（飞机在位置3）'),
	(5339, '行动1（飞机向前飞行）', '5.2', '状态1（飞机在位置1）'),
	(5339, '行动1（飞机向前飞行）', '-1', '状态2（飞机在位置2）'),
	(5339, '行动1（飞机向前飞行）', '5.0', '状态3（飞机在位置3）'),
	(5339, '行动2（飞机向后飞行）', '-5', '状态1（飞机在位置1）'),
	(5339, '行动2（飞机向后飞行）', '4.1', '状态2（飞机在位置2）'),
	(5339, '行动2（飞机向后飞行）', '6.0', '状态3（飞机在位置3）'),
	(5339, '行动3（飞机向左飞行）', '4.0', '状态1（飞机在位置1）'),
	(5339, '行动3（飞机向左飞行）', '4.0', '状态2（飞机在位置2）'),
	(5339, '行动3（飞机向左飞行）', '6.0', '状态3（飞机在位置3）'),
	(5339, '行动4（飞机向右飞行）', '5.0', '状态1（飞机在位置1）'),
	(5339, '行动4（飞机向右飞行）', '3.0', '状态2（飞机在位置2）'),
	(5339, '行动4（飞机向右飞行）', '4.0', '状态3（飞机在位置3）'),
	(8047, '行动1（飞机向前飞行）', '5.2', '状态1（飞机在位置1）'),
	(8047, '行动1（飞机向前飞行）', '-1', '状态2（飞机在位置2）'),
	(8047, '行动1（飞机向前飞行）', '5.0', '状态3（飞机在位置3）'),
	(8047, '行动2（飞机向后飞行）', '-5', '状态1（飞机在位置1）'),
	(8047, '行动2（飞机向后飞行）', '4.1', '状态2（飞机在位置2）'),
	(8047, '行动2（飞机向后飞行）', '6.0', '状态3（飞机在位置3）'),
	(8047, '行动3（飞机向左飞行）', '4.0', '状态1（飞机在位置1）'),
	(8047, '行动3（飞机向左飞行）', '4.0', '状态2（飞机在位置2）'),
	(8047, '行动3（飞机向左飞行）', '6.0', '状态3（飞机在位置3）'),
	(8047, '行动4（飞机向右飞行）', '5.0', '状态1（飞机在位置1）'),
	(8047, '行动4（飞机向右飞行）', '3.0', '状态2（飞机在位置2）'),
	(8047, '行动4（飞机向右飞行）', '4.0', '状态3（飞机在位置3）'),
	(1859, '行动1（飞机向前飞行）', '5.2', '状态1（飞机在位置1）'),
	(1859, '行动1（飞机向前飞行）', '-1', '状态2（飞机在位置2）'),
	(1859, '行动1（飞机向前飞行）', '5.0', '状态3（飞机在位置3）'),
	(1859, '行动2（飞机向后飞行）', '-5', '状态1（飞机在位置1）'),
	(1859, '行动2（飞机向后飞行）', '4.1', '状态2（飞机在位置2）'),
	(1859, '行动2（飞机向后飞行）', '6.0', '状态3（飞机在位置3）'),
	(1859, '行动3（飞机向左飞行）', '4.0', '状态1（飞机在位置1）'),
	(1859, '行动3（飞机向左飞行）', '4.0', '状态2（飞机在位置2）'),
	(1859, '行动3（飞机向左飞行）', '6.0', '状态3（飞机在位置3）'),
	(1859, '行动4（飞机向右飞行）', '5.0', '状态1（飞机在位置1）'),
	(1859, '行动4（飞机向右飞行）', '3.0', '状态2（飞机在位置2）'),
	(1859, '行动4（飞机向右飞行）', '4.0', '状态3（飞机在位置3）'),
	(4678, '行动1（飞机向前飞行）', '5.2', '状态1（飞机在位置1）'),
	(4678, '行动1（飞机向前飞行）', '-1', '状态2（飞机在位置2）'),
	(4678, '行动1（飞机向前飞行）', '5.0', '状态3（飞机在位置3）'),
	(4678, '行动2（飞机向后飞行）', '-5', '状态1（飞机在位置1）'),
	(4678, '行动2（飞机向后飞行）', '4.1', '状态2（飞机在位置2）'),
	(4678, '行动2（飞机向后飞行）', '6.0', '状态3（飞机在位置3）'),
	(4678, '行动3（飞机向左飞行）', '4.0', '状态1（飞机在位置1）'),
	(4678, '行动3（飞机向左飞行）', '4.0', '状态2（飞机在位置2）'),
	(4678, '行动3（飞机向左飞行）', '6.0', '状态3（飞机在位置3）'),
	(4678, '行动4（飞机向右飞行）', '5.0', '状态1（飞机在位置1）'),
	(4678, '行动4（飞机向右飞行）', '3.0', '状态2（飞机在位置2）'),
	(4678, '行动4（飞机向右飞行）', '4.0', '状态3（飞机在位置3）');
/*!40000 ALTER TABLE `benefit_table` ENABLE KEYS */;


-- 导出  表 markov.state_table 结构
DROP TABLE IF EXISTS `state_table`;
CREATE TABLE IF NOT EXISTS `state_table` (
  `id` varchar(255) DEFAULT NULL,
  `actionName` varchar(255) DEFAULT NULL,
  `stateChange` varchar(255) DEFAULT NULL,
  `value` varchar(255) DEFAULT NULL
) ENGINE=InnoDB DEFAULT CHARSET=utf8;

-- 正在导出表  markov.state_table 的数据：~202 rows (大约)
DELETE FROM `state_table`;
/*!40000 ALTER TABLE `state_table` DISABLE KEYS */;
INSERT INTO `state_table` (`id`, `actionName`, `stateChange`, `value`) VALUES
	('8427', '行动1（飞机向前飞行）', '状态1（飞机在位置1）--->状态1（飞机在位置1）', '0.4'),
	('8427', '行动1（飞机向前飞行）', '状态1（飞机在位置1）--->状态2（飞机在位置2）', '0.5'),
	('8427', '行动1（飞机向前飞行）', '状态1（飞机在位置1）--->状态3（飞机在位置3）', '0.1'),
	('8427', '行动1（飞机向前飞行）', '状态2（飞机在位置2）--->状态1（飞机在位置1）', '0.2'),
	('8427', '行动1（飞机向前飞行）', '状态2（飞机在位置2）--->状态2（飞机在位置2）', '0.6'),
	('8427', '行动1（飞机向前飞行）', '状态2（飞机在位置2）--->状态3（飞机在位置3）', '0.2'),
	('8427', '行动1（飞机向前飞行）', '状态3（飞机在位置3）--->状态1（飞机在位置1）', '0.7'),
	('8427', '行动1（飞机向前飞行）', '状态3（飞机在位置3）--->状态2（飞机在位置2）', '0.2'),
	('8427', '行动1（飞机向前飞行）', '状态3（飞机在位置3）--->状态3（飞机在位置3）', '0.1'),
	('8427', '行动2（飞机向后飞行）', '状态1（飞机在位置1）--->状态1（飞机在位置1）', '0.0'),
	('8427', '行动2（飞机向后飞行）', '状态1（飞机在位置1）--->状态2（飞机在位置2）', '0.9'),
	('8427', '行动2（飞机向后飞行）', '状态1（飞机在位置1）--->状态3（飞机在位置3）', '0.1'),
	('8427', '行动2（飞机向后飞行）', '状态2（飞机在位置2）--->状态1（飞机在位置1）', '0.5'),
	('8427', '行动2（飞机向后飞行）', '状态2（飞机在位置2）--->状态2（飞机在位置2）', '0.5'),
	('8427', '行动2（飞机向后飞行）', '状态2（飞机在位置2）--->状态3（飞机在位置3）', '0.0'),
	('8427', '行动2（飞机向后飞行）', '状态3（飞机在位置3）--->状态1（飞机在位置1）', '0.7'),
	('8427', '行动2（飞机向后飞行）', '状态3（飞机在位置3）--->状态2（飞机在位置2）', '0.2'),
	('8427', '行动2（飞机向后飞行）', '状态3（飞机在位置3）--->状态3（飞机在位置3）', '0.1'),
	('8427', '行动3（飞机向左飞行）', '状态1（飞机在位置1）--->状态1（飞机在位置1）', '0.5'),
	('8427', '行动3（飞机向左飞行）', '状态1（飞机在位置1）--->状态2（飞机在位置2）', '0.5'),
	('8427', '行动3（飞机向左飞行）', '状态1（飞机在位置1）--->状态3（飞机在位置3）', '0.0'),
	('8427', '行动3（飞机向左飞行）', '状态2（飞机在位置2）--->状态1（飞机在位置1）', '0.5'),
	('8427', '行动3（飞机向左飞行）', '状态2（飞机在位置2）--->状态2（飞机在位置2）', '0.3'),
	('8427', '行动3（飞机向左飞行）', '状态2（飞机在位置2）--->状态3（飞机在位置3）', '0.2'),
	('8427', '行动3（飞机向左飞行）', '状态3（飞机在位置3）--->状态1（飞机在位置1）', '0.4'),
	('8427', '行动3（飞机向左飞行）', '状态3（飞机在位置3）--->状态2（飞机在位置2）', '0.5'),
	('8427', '行动3（飞机向左飞行）', '状态3（飞机在位置3）--->状态3（飞机在位置3）', '0.1'),
	('8427', '行动4（飞机向右飞行）', '状态1（飞机在位置1）--->状态1（飞机在位置1）', '0.5'),
	('8427', '行动4（飞机向右飞行）', '状态1（飞机在位置1）--->状态2（飞机在位置2）', '0.3'),
	('8427', '行动4（飞机向右飞行）', '状态1（飞机在位置1）--->状态3（飞机在位置3）', '0.2'),
	('8427', '行动4（飞机向右飞行）', '状态2（飞机在位置2）--->状态1（飞机在位置1）', '0.5'),
	('8427', '行动4（飞机向右飞行）', '状态2（飞机在位置2）--->状态2（飞机在位置2）', '0.4'),
	('8427', '行动4（飞机向右飞行）', '状态2（飞机在位置2）--->状态3（飞机在位置3）', '0.1'),
	('8427', '行动4（飞机向右飞行）', '状态3（飞机在位置3）--->状态1（飞机在位置1）', '0.5'),
	('8427', '行动4（飞机向右飞行）', '状态3（飞机在位置3）--->状态2（飞机在位置2）', '0.5'),
	('8427', '行动4（飞机向右飞行）', '状态3（飞机在位置3）--->状态3（飞机在位置3）', '0.0'),
	('9655', '行动1（飞机向前飞行）', '状态1（飞机在位置1）--->状态1（飞机在位置1）', '0.4'),
	('9655', '行动1（飞机向前飞行）', '状态1（飞机在位置1）--->状态2（飞机在位置2）', '0.5'),
	('9655', '行动1（飞机向前飞行）', '状态1（飞机在位置1）--->状态3（飞机在位置3）', '0.1'),
	('9655', '行动1（飞机向前飞行）', '状态2（飞机在位置2）--->状态1（飞机在位置1）', '0.2'),
	('9655', '行动1（飞机向前飞行）', '状态2（飞机在位置2）--->状态2（飞机在位置2）', '0.6'),
	('9655', '行动1（飞机向前飞行）', '状态2（飞机在位置2）--->状态3（飞机在位置3）', '0.2'),
	('9655', '行动1（飞机向前飞行）', '状态3（飞机在位置3）--->状态1（飞机在位置1）', '0.7'),
	('9655', '行动1（飞机向前飞行）', '状态3（飞机在位置3）--->状态2（飞机在位置2）', '0.2'),
	('9655', '行动1（飞机向前飞行）', '状态3（飞机在位置3）--->状态3（飞机在位置3）', '0.1'),
	('9655', '行动2（飞机向后飞行）', '状态1（飞机在位置1）--->状态1（飞机在位置1）', '0.0'),
	('9655', '行动2（飞机向后飞行）', '状态1（飞机在位置1）--->状态2（飞机在位置2）', '0.9'),
	('9655', '行动2（飞机向后飞行）', '状态1（飞机在位置1）--->状态3（飞机在位置3）', '0.1'),
	('9655', '行动2（飞机向后飞行）', '状态2（飞机在位置2）--->状态1（飞机在位置1）', '0.5'),
	('9655', '行动2（飞机向后飞行）', '状态2（飞机在位置2）--->状态2（飞机在位置2）', '0.5'),
	('9655', '行动2（飞机向后飞行）', '状态2（飞机在位置2）--->状态3（飞机在位置3）', '0.0'),
	('9655', '行动2（飞机向后飞行）', '状态3（飞机在位置3）--->状态1（飞机在位置1）', '0.7'),
	('9655', '行动2（飞机向后飞行）', '状态3（飞机在位置3）--->状态2（飞机在位置2）', '0.2'),
	('9655', '行动2（飞机向后飞行）', '状态3（飞机在位置3）--->状态3（飞机在位置3）', '0.1'),
	('9655', '行动3（飞机向左飞行）', '状态1（飞机在位置1）--->状态1（飞机在位置1）', '0.5'),
	('9655', '行动3（飞机向左飞行）', '状态1（飞机在位置1）--->状态2（飞机在位置2）', '0.5'),
	('9655', '行动3（飞机向左飞行）', '状态1（飞机在位置1）--->状态3（飞机在位置3）', '0.0'),
	('9655', '行动3（飞机向左飞行）', '状态2（飞机在位置2）--->状态1（飞机在位置1）', '0.5'),
	('9655', '行动3（飞机向左飞行）', '状态2（飞机在位置2）--->状态2（飞机在位置2）', '0.3'),
	('9655', '行动3（飞机向左飞行）', '状态2（飞机在位置2）--->状态3（飞机在位置3）', '0.2'),
	('9655', '行动3（飞机向左飞行）', '状态3（飞机在位置3）--->状态1（飞机在位置1）', '0.4'),
	('9655', '行动3（飞机向左飞行）', '状态3（飞机在位置3）--->状态2（飞机在位置2）', '0.5'),
	('9655', '行动3（飞机向左飞行）', '状态3（飞机在位置3）--->状态3（飞机在位置3）', '0.1'),
	('9655', '行动4（飞机向右飞行）', '状态1（飞机在位置1）--->状态1（飞机在位置1）', '0.5'),
	('9655', '行动4（飞机向右飞行）', '状态1（飞机在位置1）--->状态2（飞机在位置2）', '0.3'),
	('9655', '行动4（飞机向右飞行）', '状态1（飞机在位置1）--->状态3（飞机在位置3）', '0.2'),
	('9655', '行动4（飞机向右飞行）', '状态2（飞机在位置2）--->状态1（飞机在位置1）', '0.5'),
	('9655', '行动4（飞机向右飞行）', '状态2（飞机在位置2）--->状态2（飞机在位置2）', '0.4'),
	('9655', '行动4（飞机向右飞行）', '状态2（飞机在位置2）--->状态3（飞机在位置3）', '0.1'),
	('9655', '行动4（飞机向右飞行）', '状态3（飞机在位置3）--->状态1（飞机在位置1）', '0.5'),
	('9655', '行动4（飞机向右飞行）', '状态3（飞机在位置3）--->状态2（飞机在位置2）', '0.5'),
	('9655', '行动4（飞机向右飞行）', '状态3（飞机在位置3）--->状态3（飞机在位置3）', '0.0'),
	('5339', '行动1（飞机向前飞行）', '状态1（飞机在位置1）--->状态1（飞机在位置1）', '0.4'),
	('5339', '行动1（飞机向前飞行）', '状态1（飞机在位置1）--->状态2（飞机在位置2）', '0.5'),
	('5339', '行动1（飞机向前飞行）', '状态1（飞机在位置1）--->状态3（飞机在位置3）', '0.1'),
	('5339', '行动1（飞机向前飞行）', '状态2（飞机在位置2）--->状态1（飞机在位置1）', '0.2'),
	('5339', '行动1（飞机向前飞行）', '状态2（飞机在位置2）--->状态2（飞机在位置2）', '0.6'),
	('5339', '行动1（飞机向前飞行）', '状态2（飞机在位置2）--->状态3（飞机在位置3）', '0.2'),
	('5339', '行动1（飞机向前飞行）', '状态3（飞机在位置3）--->状态1（飞机在位置1）', '0.7'),
	('5339', '行动1（飞机向前飞行）', '状态3（飞机在位置3）--->状态2（飞机在位置2）', '0.2'),
	('5339', '行动1（飞机向前飞行）', '状态3（飞机在位置3）--->状态3（飞机在位置3）', '0.1'),
	('5339', '行动2（飞机向后飞行）', '状态1（飞机在位置1）--->状态1（飞机在位置1）', '0.0'),
	('5339', '行动2（飞机向后飞行）', '状态1（飞机在位置1）--->状态2（飞机在位置2）', '0.9'),
	('5339', '行动2（飞机向后飞行）', '状态1（飞机在位置1）--->状态3（飞机在位置3）', '0.1'),
	('5339', '行动2（飞机向后飞行）', '状态2（飞机在位置2）--->状态1（飞机在位置1）', '0.5'),
	('5339', '行动2（飞机向后飞行）', '状态2（飞机在位置2）--->状态2（飞机在位置2）', '0.5'),
	('5339', '行动2（飞机向后飞行）', '状态2（飞机在位置2）--->状态3（飞机在位置3）', '0.0'),
	('5339', '行动2（飞机向后飞行）', '状态3（飞机在位置3）--->状态1（飞机在位置1）', '0.7'),
	('5339', '行动2（飞机向后飞行）', '状态3（飞机在位置3）--->状态2（飞机在位置2）', '0.2'),
	('5339', '行动2（飞机向后飞行）', '状态3（飞机在位置3）--->状态3（飞机在位置3）', '0.1'),
	('5339', '行动3（飞机向左飞行）', '状态1（飞机在位置1）--->状态1（飞机在位置1）', '0.5'),
	('5339', '行动3（飞机向左飞行）', '状态1（飞机在位置1）--->状态2（飞机在位置2）', '0.5'),
	('5339', '行动3（飞机向左飞行）', '状态1（飞机在位置1）--->状态3（飞机在位置3）', '0.0'),
	('5339', '行动3（飞机向左飞行）', '状态2（飞机在位置2）--->状态1（飞机在位置1）', '0.5'),
	('5339', '行动3（飞机向左飞行）', '状态2（飞机在位置2）--->状态2（飞机在位置2）', '0.3'),
	('5339', '行动3（飞机向左飞行）', '状态2（飞机在位置2）--->状态3（飞机在位置3）', '0.2'),
	('5339', '行动3（飞机向左飞行）', '状态3（飞机在位置3）--->状态1（飞机在位置1）', '0.4'),
	('5339', '行动3（飞机向左飞行）', '状态3（飞机在位置3）--->状态2（飞机在位置2）', '0.5'),
	('5339', '行动3（飞机向左飞行）', '状态3（飞机在位置3）--->状态3（飞机在位置3）', '0.1'),
	('5339', '行动4（飞机向右飞行）', '状态1（飞机在位置1）--->状态1（飞机在位置1）', '0.5'),
	('5339', '行动4（飞机向右飞行）', '状态1（飞机在位置1）--->状态2（飞机在位置2）', '0.3'),
	('5339', '行动4（飞机向右飞行）', '状态1（飞机在位置1）--->状态3（飞机在位置3）', '0.2'),
	('5339', '行动4（飞机向右飞行）', '状态2（飞机在位置2）--->状态1（飞机在位置1）', '0.5'),
	('5339', '行动4（飞机向右飞行）', '状态2（飞机在位置2）--->状态2（飞机在位置2）', '0.4'),
	('5339', '行动4（飞机向右飞行）', '状态2（飞机在位置2）--->状态3（飞机在位置3）', '0.1'),
	('5339', '行动4（飞机向右飞行）', '状态3（飞机在位置3）--->状态1（飞机在位置1）', '0.5'),
	('5339', '行动4（飞机向右飞行）', '状态3（飞机在位置3）--->状态2（飞机在位置2）', '0.5'),
	('5339', '行动4（飞机向右飞行）', '状态3（飞机在位置3）--->状态3（飞机在位置3）', '0.0'),
	('8047', '行动1（飞机向前飞行）', '状态1（飞机在位置1）--->状态1（飞机在位置1）', '0.4'),
	('8047', '行动1（飞机向前飞行）', '状态1（飞机在位置1）--->状态2（飞机在位置2）', '0.5'),
	('8047', '行动1（飞机向前飞行）', '状态1（飞机在位置1）--->状态3（飞机在位置3）', '0.1'),
	('8047', '行动1（飞机向前飞行）', '状态2（飞机在位置2）--->状态1（飞机在位置1）', '0.2'),
	('8047', '行动1（飞机向前飞行）', '状态2（飞机在位置2）--->状态2（飞机在位置2）', '0.6'),
	('8047', '行动1（飞机向前飞行）', '状态2（飞机在位置2）--->状态3（飞机在位置3）', '0.2'),
	('8047', '行动1（飞机向前飞行）', '状态3（飞机在位置3）--->状态1（飞机在位置1）', '0.7'),
	('8047', '行动1（飞机向前飞行）', '状态3（飞机在位置3）--->状态2（飞机在位置2）', '0.2'),
	('8047', '行动1（飞机向前飞行）', '状态3（飞机在位置3）--->状态3（飞机在位置3）', '0.1'),
	('8047', '行动2（飞机向后飞行）', '状态1（飞机在位置1）--->状态1（飞机在位置1）', '0.0'),
	('8047', '行动2（飞机向后飞行）', '状态1（飞机在位置1）--->状态2（飞机在位置2）', '0.9'),
	('8047', '行动2（飞机向后飞行）', '状态1（飞机在位置1）--->状态3（飞机在位置3）', '0.1'),
	('8047', '行动2（飞机向后飞行）', '状态2（飞机在位置2）--->状态1（飞机在位置1）', '0.5'),
	('8047', '行动2（飞机向后飞行）', '状态2（飞机在位置2）--->状态2（飞机在位置2）', '0.5'),
	('8047', '行动2（飞机向后飞行）', '状态2（飞机在位置2）--->状态3（飞机在位置3）', '0.0'),
	('8047', '行动2（飞机向后飞行）', '状态3（飞机在位置3）--->状态1（飞机在位置1）', '0.7'),
	('8047', '行动2（飞机向后飞行）', '状态3（飞机在位置3）--->状态2（飞机在位置2）', '0.2'),
	('8047', '行动2（飞机向后飞行）', '状态3（飞机在位置3）--->状态3（飞机在位置3）', '0.1'),
	('8047', '行动3（飞机向左飞行）', '状态1（飞机在位置1）--->状态1（飞机在位置1）', '0.5'),
	('8047', '行动3（飞机向左飞行）', '状态1（飞机在位置1）--->状态2（飞机在位置2）', '0.5'),
	('8047', '行动3（飞机向左飞行）', '状态1（飞机在位置1）--->状态3（飞机在位置3）', '0.0'),
	('8047', '行动3（飞机向左飞行）', '状态2（飞机在位置2）--->状态1（飞机在位置1）', '0.5'),
	('8047', '行动3（飞机向左飞行）', '状态2（飞机在位置2）--->状态2（飞机在位置2）', '0.3'),
	('8047', '行动3（飞机向左飞行）', '状态2（飞机在位置2）--->状态3（飞机在位置3）', '0.2'),
	('8047', '行动3（飞机向左飞行）', '状态3（飞机在位置3）--->状态1（飞机在位置1）', '0.4'),
	('8047', '行动3（飞机向左飞行）', '状态3（飞机在位置3）--->状态2（飞机在位置2）', '0.5'),
	('8047', '行动3（飞机向左飞行）', '状态3（飞机在位置3）--->状态3（飞机在位置3）', '0.1'),
	('8047', '行动4（飞机向右飞行）', '状态1（飞机在位置1）--->状态1（飞机在位置1）', '0.5'),
	('8047', '行动4（飞机向右飞行）', '状态1（飞机在位置1）--->状态2（飞机在位置2）', '0.3'),
	('8047', '行动4（飞机向右飞行）', '状态1（飞机在位置1）--->状态3（飞机在位置3）', '0.2'),
	('8047', '行动4（飞机向右飞行）', '状态2（飞机在位置2）--->状态1（飞机在位置1）', '0.5'),
	('8047', '行动4（飞机向右飞行）', '状态2（飞机在位置2）--->状态2（飞机在位置2）', '0.4'),
	('8047', '行动4（飞机向右飞行）', '状态2（飞机在位置2）--->状态3（飞机在位置3）', '0.1'),
	('8047', '行动4（飞机向右飞行）', '状态3（飞机在位置3）--->状态1（飞机在位置1）', '0.5'),
	('8047', '行动4（飞机向右飞行）', '状态3（飞机在位置3）--->状态2（飞机在位置2）', '0.5'),
	('8047', '行动4（飞机向右飞行）', '状态3（飞机在位置3）--->状态3（飞机在位置3）', '0.0'),
	('1859', '行动1（飞机向前飞行）', '状态1（飞机在位置1）--->状态1（飞机在位置1）', '0.4'),
	('1859', '行动1（飞机向前飞行）', '状态1（飞机在位置1）--->状态2（飞机在位置2）', '0.5'),
	('1859', '行动1（飞机向前飞行）', '状态1（飞机在位置1）--->状态3（飞机在位置3）', '0.1'),
	('1859', '行动1（飞机向前飞行）', '状态2（飞机在位置2）--->状态1（飞机在位置1）', '0.2'),
	('1859', '行动1（飞机向前飞行）', '状态2（飞机在位置2）--->状态2（飞机在位置2）', '0.6'),
	('1859', '行动1（飞机向前飞行）', '状态2（飞机在位置2）--->状态3（飞机在位置3）', '0.2'),
	('1859', '行动1（飞机向前飞行）', '状态3（飞机在位置3）--->状态1（飞机在位置1）', '0.7'),
	('1859', '行动1（飞机向前飞行）', '状态3（飞机在位置3）--->状态2（飞机在位置2）', '0.2'),
	('1859', '行动1（飞机向前飞行）', '状态3（飞机在位置3）--->状态3（飞机在位置3）', '0.1'),
	('1859', '行动2（飞机向后飞行）', '状态1（飞机在位置1）--->状态1（飞机在位置1）', '0.0'),
	('1859', '行动2（飞机向后飞行）', '状态1（飞机在位置1）--->状态2（飞机在位置2）', '0.9'),
	('1859', '行动2（飞机向后飞行）', '状态1（飞机在位置1）--->状态3（飞机在位置3）', '0.1'),
	('1859', '行动2（飞机向后飞行）', '状态2（飞机在位置2）--->状态1（飞机在位置1）', '0.5'),
	('1859', '行动2（飞机向后飞行）', '状态2（飞机在位置2）--->状态2（飞机在位置2）', '0.5'),
	('1859', '行动2（飞机向后飞行）', '状态2（飞机在位置2）--->状态3（飞机在位置3）', '0.0'),
	('1859', '行动2（飞机向后飞行）', '状态3（飞机在位置3）--->状态1（飞机在位置1）', '0.7'),
	('1859', '行动2（飞机向后飞行）', '状态3（飞机在位置3）--->状态2（飞机在位置2）', '0.2'),
	('1859', '行动2（飞机向后飞行）', '状态3（飞机在位置3）--->状态3（飞机在位置3）', '0.1'),
	('1859', '行动3（飞机向左飞行）', '状态1（飞机在位置1）--->状态1（飞机在位置1）', '0.5'),
	('1859', '行动3（飞机向左飞行）', '状态1（飞机在位置1）--->状态2（飞机在位置2）', '0.5'),
	('1859', '行动3（飞机向左飞行）', '状态1（飞机在位置1）--->状态3（飞机在位置3）', '0.0'),
	('1859', '行动3（飞机向左飞行）', '状态2（飞机在位置2）--->状态1（飞机在位置1）', '0.5'),
	('1859', '行动3（飞机向左飞行）', '状态2（飞机在位置2）--->状态2（飞机在位置2）', '0.3'),
	('1859', '行动3（飞机向左飞行）', '状态2（飞机在位置2）--->状态3（飞机在位置3）', '0.2'),
	('1859', '行动3（飞机向左飞行）', '状态3（飞机在位置3）--->状态1（飞机在位置1）', '0.4'),
	('1859', '行动3（飞机向左飞行）', '状态3（飞机在位置3）--->状态2（飞机在位置2）', '0.5'),
	('1859', '行动3（飞机向左飞行）', '状态3（飞机在位置3）--->状态3（飞机在位置3）', '0.1'),
	('1859', '行动4（飞机向右飞行）', '状态1（飞机在位置1）--->状态1（飞机在位置1）', '0.5'),
	('1859', '行动4（飞机向右飞行）', '状态1（飞机在位置1）--->状态2（飞机在位置2）', '0.3'),
	('1859', '行动4（飞机向右飞行）', '状态1（飞机在位置1）--->状态3（飞机在位置3）', '0.2'),
	('1859', '行动4（飞机向右飞行）', '状态2（飞机在位置2）--->状态1（飞机在位置1）', '0.5'),
	('1859', '行动4（飞机向右飞行）', '状态2（飞机在位置2）--->状态2（飞机在位置2）', '0.4'),
	('1859', '行动4（飞机向右飞行）', '状态2（飞机在位置2）--->状态3（飞机在位置3）', '0.1'),
	('1859', '行动4（飞机向右飞行）', '状态3（飞机在位置3）--->状态1（飞机在位置1）', '0.5'),
	('1859', '行动4（飞机向右飞行）', '状态3（飞机在位置3）--->状态2（飞机在位置2）', '0.5'),
	('1859', '行动4（飞机向右飞行）', '状态3（飞机在位置3）--->状态3（飞机在位置3）', '0.0'),
	('4678', '行动1（飞机向前飞行）', '状态1（飞机在位置1）--->状态1（飞机在位置1）', '0.4'),
	('4678', '行动1（飞机向前飞行）', '状态1（飞机在位置1）--->状态2（飞机在位置2）', '0.5'),
	('4678', '行动1（飞机向前飞行）', '状态1（飞机在位置1）--->状态3（飞机在位置3）', '0.1'),
	('4678', '行动1（飞机向前飞行）', '状态2（飞机在位置2）--->状态1（飞机在位置1）', '0.2'),
	('4678', '行动1（飞机向前飞行）', '状态2（飞机在位置2）--->状态2（飞机在位置2）', '0.6'),
	('4678', '行动1（飞机向前飞行）', '状态2（飞机在位置2）--->状态3（飞机在位置3）', '0.2'),
	('4678', '行动1（飞机向前飞行）', '状态3（飞机在位置3）--->状态1（飞机在位置1）', '0.7'),
	('4678', '行动1（飞机向前飞行）', '状态3（飞机在位置3）--->状态2（飞机在位置2）', '0.2'),
	('4678', '行动1（飞机向前飞行）', '状态3（飞机在位置3）--->状态3（飞机在位置3）', '0.1'),
	('4678', '行动2（飞机向后飞行）', '状态1（飞机在位置1）--->状态1（飞机在位置1）', '0.0'),
	('4678', '行动2（飞机向后飞行）', '状态1（飞机在位置1）--->状态2（飞机在位置2）', '0.9'),
	('4678', '行动2（飞机向后飞行）', '状态1（飞机在位置1）--->状态3（飞机在位置3）', '0.1'),
	('4678', '行动2（飞机向后飞行）', '状态2（飞机在位置2）--->状态1（飞机在位置1）', '0.5'),
	('4678', '行动2（飞机向后飞行）', '状态2（飞机在位置2）--->状态2（飞机在位置2）', '0.5'),
	('4678', '行动2（飞机向后飞行）', '状态2（飞机在位置2）--->状态3（飞机在位置3）', '0.0'),
	('4678', '行动2（飞机向后飞行）', '状态3（飞机在位置3）--->状态1（飞机在位置1）', '0.7'),
	('4678', '行动2（飞机向后飞行）', '状态3（飞机在位置3）--->状态2（飞机在位置2）', '0.2'),
	('4678', '行动2（飞机向后飞行）', '状态3（飞机在位置3）--->状态3（飞机在位置3）', '0.1'),
	('4678', '行动3（飞机向左飞行）', '状态1（飞机在位置1）--->状态1（飞机在位置1）', '0.5'),
	('4678', '行动3（飞机向左飞行）', '状态1（飞机在位置1）--->状态2（飞机在位置2）', '0.5'),
	('4678', '行动3（飞机向左飞行）', '状态1（飞机在位置1）--->状态3（飞机在位置3）', '0.0'),
	('4678', '行动3（飞机向左飞行）', '状态2（飞机在位置2）--->状态1（飞机在位置1）', '0.5'),
	('4678', '行动3（飞机向左飞行）', '状态2（飞机在位置2）--->状态2（飞机在位置2）', '0.3'),
	('4678', '行动3（飞机向左飞行）', '状态2（飞机在位置2）--->状态3（飞机在位置3）', '0.2'),
	('4678', '行动3（飞机向左飞行）', '状态3（飞机在位置3）--->状态1（飞机在位置1）', '0.4'),
	('4678', '行动3（飞机向左飞行）', '状态3（飞机在位置3）--->状态2（飞机在位置2）', '0.5'),
	('4678', '行动3（飞机向左飞行）', '状态3（飞机在位置3）--->状态3（飞机在位置3）', '0.1'),
	('4678', '行动4（飞机向右飞行）', '状态1（飞机在位置1）--->状态1（飞机在位置1）', '0.5'),
	('4678', '行动4（飞机向右飞行）', '状态1（飞机在位置1）--->状态2（飞机在位置2）', '0.3'),
	('4678', '行动4（飞机向右飞行）', '状态1（飞机在位置1）--->状态3（飞机在位置3）', '0.2'),
	('4678', '行动4（飞机向右飞行）', '状态2（飞机在位置2）--->状态1（飞机在位置1）', '0.5'),
	('4678', '行动4（飞机向右飞行）', '状态2（飞机在位置2）--->状态2（飞机在位置2）', '0.4'),
	('4678', '行动4（飞机向右飞行）', '状态2（飞机在位置2）--->状态3（飞机在位置3）', '0.1'),
	('4678', '行动4（飞机向右飞行）', '状态3（飞机在位置3）--->状态1（飞机在位置1）', '0.5'),
	('4678', '行动4（飞机向右飞行）', '状态3（飞机在位置3）--->状态2（飞机在位置2）', '0.5'),
	('4678', '行动4（飞机向右飞行）', '状态3（飞机在位置3）--->状态3（飞机在位置3）', '0.0');
/*!40000 ALTER TABLE `state_table` ENABLE KEYS */;


-- 导出  表 markov.topic_table 结构
DROP TABLE IF EXISTS `topic_table`;
CREATE TABLE IF NOT EXISTS `topic_table` (
  `topicName` varchar(255) DEFAULT NULL,
  `id` varchar(255) DEFAULT NULL,
  `actionCount` varchar(255) DEFAULT NULL,
  `stateCount` varchar(255) DEFAULT NULL,
  `result` text,
  `date` varchar(255) DEFAULT NULL
) ENGINE=InnoDB DEFAULT CHARSET=utf8;

-- 正在导出表  markov.topic_table 的数据：~5 rows (大约)
DELETE FROM `topic_table`;
/*!40000 ALTER TABLE `topic_table` DISABLE KEYS */;
INSERT INTO `topic_table` (`topicName`, `id`, `actionCount`, `stateCount`, `result`, `date`) VALUES
	('马尔科夫案例', '9655', '4', '3', NULL, '2016-07-04 01:06:13'),
	('马尔科夫案例', '5339', '4', '3', '经马尔科夫决策得到不同状态转移的最优行动方案：\r\n状态1（飞机在位置1）:     行动4（飞机向右飞行）\r\n状态2（飞机在位置2）:     行动3（飞机向左飞行）\r\n状态3（飞机在位置3）:     行动2（飞机向后飞行）\r\n', '2016-07-07 13:56:50'),
	('马尔科夫案例', '8047', '4', '3', NULL, '2016-07-07 14:10:39'),
	('马尔科夫案例', '9800', '4', '3', '经马尔科夫决策得到不同状态转移的最优行动方案：\r\n状态1（飞机在位置1）:     行动4（飞机向右飞行）\r\n状态2（飞机在位置2）:     行动3（飞机向左飞行）\r\n状态3（飞机在位置3）:     行动2（飞机向后飞行）\r\n', '2016-07-07 14:11:06'),
	('马尔科夫案例', '1859', '4', '3', NULL, '2016-07-07 14:11:30'),
	('马尔科夫案例', '4678', '4', '3', NULL, '2016-07-09 18:15:48');
/*!40000 ALTER TABLE `topic_table` ENABLE KEYS */;


-- 导出 mm 的数据库结构
DROP DATABASE IF EXISTS `mm`;
CREATE DATABASE IF NOT EXISTS `mm` /*!40100 DEFAULT CHARACTER SET utf8 */;
USE `mm`;


-- 导出  表 mm.sas_scenario_logic 结构
DROP TABLE IF EXISTS `sas_scenario_logic`;
CREATE TABLE IF NOT EXISTS `sas_scenario_logic` (
  `logic_id` int(11) NOT NULL AUTO_INCREMENT,
  `task_id` int(11) DEFAULT NULL,
  `logic_content` longtext,
  `mark1` varchar(200) DEFAULT NULL,
  `mark2` varchar(200) DEFAULT NULL,
  PRIMARY KEY (`logic_id`),
  KEY `FKrccdnrafir0i812wm60qmen1m` (`task_id`),
  CONSTRAINT `FKrccdnrafir0i812wm60qmen1m` FOREIGN KEY (`task_id`) REFERENCES `sas_scenario_task` (`task_id`)
) ENGINE=InnoDB AUTO_INCREMENT=5 DEFAULT CHARSET=utf8;

-- 正在导出表  mm.sas_scenario_logic 的数据：~4 rows (大约)
DELETE FROM `sas_scenario_logic`;
/*!40000 ALTER TABLE `sas_scenario_logic` DISABLE KEYS */;
INSERT INTO `sas_scenario_logic` (`logic_id`, `task_id`, `logic_content`, `mark1`, `mark2`) VALUES
	(1, 1, '社会经济低速发展，强的政府决策', NULL, NULL),
	(2, 1, '社会经济低速发展，弱的政府决策', NULL, NULL),
	(3, 1, '社会经济高速发展，强的政府决策', NULL, NULL),
	(4, 1, '社会经济高速发展，弱的政府决策', NULL, NULL);
/*!40000 ALTER TABLE `sas_scenario_logic` ENABLE KEYS */;


-- 导出  表 mm.sas_scenario_property 结构
DROP TABLE IF EXISTS `sas_scenario_property`;
CREATE TABLE IF NOT EXISTS `sas_scenario_property` (
  `property_id` int(11) NOT NULL AUTO_INCREMENT,
  `task_id` int(11) DEFAULT NULL,
  `property_type` varchar(200) DEFAULT NULL,
  `property_content` longtext,
  `mark1` varchar(200) DEFAULT NULL,
  `mark2` varchar(200) DEFAULT NULL,
  PRIMARY KEY (`property_id`),
  KEY `FKemx1wcbrqaqypk0a32qd3abqj` (`task_id`),
  CONSTRAINT `FKemx1wcbrqaqypk0a32qd3abqj` FOREIGN KEY (`task_id`) REFERENCES `sas_scenario_task` (`task_id`)
) ENGINE=InnoDB AUTO_INCREMENT=12 DEFAULT CHARSET=utf8;

-- 正在导出表  mm.sas_scenario_property 的数据：~11 rows (大约)
DELETE FROM `sas_scenario_property`;
/*!40000 ALTER TABLE `sas_scenario_property` DISABLE KEYS */;
INSERT INTO `sas_scenario_property` (`property_id`, `task_id`, `property_type`, `property_content`, `mark1`, `mark2`) VALUES
	(1, 1, 'focus', '污染和生态破坏', NULL, NULL),
	(2, 1, 'keyfactor', '经济因素', NULL, NULL),
	(3, 1, 'keyfactor', '邛海管理的政策因素', NULL, NULL),
	(4, 1, 'keyfactor', '人口因素', NULL, NULL),
	(5, 1, 'keyfactor', '陆地水保', NULL, NULL),
	(6, 1, 'drivingpower', '经济发展（含财政负担）', NULL, NULL),
	(7, 1, 'drivingpower', '政府相关计划与政策', NULL, NULL),
	(8, 1, 'drivingpower', '工程技术', NULL, NULL),
	(9, 1, 'drivingpower', '外来影响', NULL, NULL),
	(10, 1, 'uncertainties', '社会发展', NULL, NULL),
	(11, 1, 'uncertainties', '外来影响', NULL, NULL);
/*!40000 ALTER TABLE `sas_scenario_property` ENABLE KEYS */;


-- 导出  表 mm.sas_scenario_result 结构
DROP TABLE IF EXISTS `sas_scenario_result`;
CREATE TABLE IF NOT EXISTS `sas_scenario_result` (
  `result_id` int(11) NOT NULL AUTO_INCREMENT,
  `task_id` int(11) DEFAULT NULL,
  `result_content` longtext,
  `mark1` varchar(200) DEFAULT NULL,
  `mark2` varchar(200) DEFAULT NULL,
  PRIMARY KEY (`result_id`),
  KEY `FKap8knv5um0dvof5u0bbhsa90h` (`task_id`),
  CONSTRAINT `FKap8knv5um0dvof5u0bbhsa90h` FOREIGN KEY (`task_id`) REFERENCES `sas_scenario_task` (`task_id`)
) ENGINE=InnoDB AUTO_INCREMENT=2 DEFAULT CHARSET=utf8;

-- 正在导出表  mm.sas_scenario_result 的数据：~0 rows (大约)
DELETE FROM `sas_scenario_result`;
/*!40000 ALTER TABLE `sas_scenario_result` DISABLE KEYS */;
INSERT INTO `sas_scenario_result` (`result_id`, `task_id`, `result_content`, `mark1`, `mark2`) VALUES
	(1, 1, '流域发展会给邛海带来新的压力, 资金短缺和政府决策是制约\n邛海流域未来生态环境变化的重要因素。尽管国家和地方各级政府会\n给予一定的资金扶持, 但是资金短缺的问题仍然十分突出。\n因此, 需要对工程方案的优先次序进行排列和组合。根据邛海流域 IFMOP 模型\n的优化结果和项目效益综合分析可见, 污染源治理、生态恢复、生态移民、绿色体系建设工程、\n湖岸界桩控制区拆迁改造工程、湖滨区生态景观恢复与改造、森林生态建设、水土流失及泥石流防\n治工程以及加强对旅游资源的开发和管制, 是邛海流域近中期的优\n先项目, 而水资源开发和底泥疏浚等, 则是在资金充裕情况下的远期备选项目。', NULL, NULL);
/*!40000 ALTER TABLE `sas_scenario_result` ENABLE KEYS */;


-- 导出  表 mm.sas_scenario_task 结构
DROP TABLE IF EXISTS `sas_scenario_task`;
CREATE TABLE IF NOT EXISTS `sas_scenario_task` (
  `task_id` int(11) NOT NULL AUTO_INCREMENT,
  `task_name` varchar(200) DEFAULT NULL,
  `task_description` longtext,
  `task_location` varchar(2000) DEFAULT NULL,
  `task_people` varchar(2000) DEFAULT NULL,
  `task_time` datetime DEFAULT NULL,
  `argue_time` datetime DEFAULT NULL,
  `mark1` varchar(200) DEFAULT NULL,
  `mark2` varchar(200) DEFAULT NULL,
  PRIMARY KEY (`task_id`)
) ENGINE=InnoDB AUTO_INCREMENT=2 DEFAULT CHARSET=utf8;

-- 正在导出表  mm.sas_scenario_task 的数据：~0 rows (大约)
DELETE FROM `sas_scenario_task`;
/*!40000 ALTER TABLE `sas_scenario_task` DISABLE KEYS */;
INSERT INTO `sas_scenario_task` (`task_id`, `task_name`, `task_description`, `task_location`, `task_people`, `task_time`, `argue_time`, `mark1`, `mark2`) VALUES
	(1, '邛海环境规划', '邛海环境规划', '武汉', NULL, NULL, '2016-07-09 18:30:56', NULL, NULL);
/*!40000 ALTER TABLE `sas_scenario_task` ENABLE KEYS */;


-- 导出  表 mm.sas_swot_actor 结构
DROP TABLE IF EXISTS `sas_swot_actor`;
CREATE TABLE IF NOT EXISTS `sas_swot_actor` (
  `actor_id` int(11) NOT NULL AUTO_INCREMENT,
  `task_id` int(11) DEFAULT NULL,
  `actor_name` varchar(200) DEFAULT NULL,
  `actor_description` longtext,
  `mark1` varchar(200) DEFAULT NULL,
  `mark2` varchar(200) DEFAULT NULL,
  PRIMARY KEY (`actor_id`),
  KEY `FKohujnpdu6xdhel57g23k6j9by` (`task_id`),
  CONSTRAINT `FKohujnpdu6xdhel57g23k6j9by` FOREIGN KEY (`task_id`) REFERENCES `sas_swot_task` (`task_id`)
) ENGINE=InnoDB AUTO_INCREMENT=2 DEFAULT CHARSET=utf8;

-- 正在导出表  mm.sas_swot_actor 的数据：~0 rows (大约)
DELETE FROM `sas_swot_actor`;
/*!40000 ALTER TABLE `sas_swot_actor` DISABLE KEYS */;
INSERT INTO `sas_swot_actor` (`actor_id`, `task_id`, `actor_name`, `actor_description`, `mark1`, `mark2`) VALUES
	(1, 1, '某部队', NULL, NULL, NULL);
/*!40000 ALTER TABLE `sas_swot_actor` ENABLE KEYS */;


-- 导出  表 mm.sas_swot_actor_property 结构
DROP TABLE IF EXISTS `sas_swot_actor_property`;
CREATE TABLE IF NOT EXISTS `sas_swot_actor_property` (
  `property_id` int(11) NOT NULL AUTO_INCREMENT,
  `actor_id` int(11) DEFAULT NULL,
  `property_type` varchar(200) DEFAULT NULL,
  `property_content` longtext,
  `mark1` varchar(200) DEFAULT NULL,
  `mark2` varchar(200) DEFAULT NULL,
  PRIMARY KEY (`property_id`),
  KEY `FK31b50i3gxdgnnq26wja680pk6` (`actor_id`),
  CONSTRAINT `FK31b50i3gxdgnnq26wja680pk6` FOREIGN KEY (`actor_id`) REFERENCES `sas_swot_actor` (`actor_id`)
) ENGINE=InnoDB AUTO_INCREMENT=15 DEFAULT CHARSET=utf8;

-- 正在导出表  mm.sas_swot_actor_property 的数据：~14 rows (大约)
DELETE FROM `sas_swot_actor_property`;
/*!40000 ALTER TABLE `sas_swot_actor_property` DISABLE KEYS */;
INSERT INTO `sas_swot_actor_property` (`property_id`, `actor_id`, `property_type`, `property_content`, `mark1`, `mark2`) VALUES
	(1, 1, 'advantage', '不会被显示', NULL, NULL),
	(2, 1, 'advantage', '资源丰富', NULL, NULL),
	(3, 1, 'advantage', '经济性优势', NULL, NULL),
	(4, 1, 'advantage', '标准化优势', NULL, NULL),
	(5, 1, 'chance', '不会被显示', NULL, NULL),
	(6, 1, 'chance', '国家号召相应建设节约型社会', NULL, NULL),
	(7, 1, 'chance', '军队后勤也在积极发展节约型后勤', NULL, NULL),
	(8, 1, 'disadvantage', '不会被显示', NULL, NULL),
	(9, 1, 'disadvantage', '基础设施薄弱', NULL, NULL),
	(10, 1, 'disadvantage', '管理手段劣势', NULL, NULL),
	(11, 1, 'disadvantage', '信息技术落后', NULL, NULL),
	(12, 1, 'threat', '不会被显示', NULL, NULL),
	(13, 1, 'threat', '未来信息化战争的挑战', NULL, NULL),
	(14, 1, 'threat', '人才的挑战', NULL, NULL);
/*!40000 ALTER TABLE `sas_swot_actor_property` ENABLE KEYS */;


-- 导出  表 mm.sas_swot_task 结构
DROP TABLE IF EXISTS `sas_swot_task`;
CREATE TABLE IF NOT EXISTS `sas_swot_task` (
  `task_id` int(11) NOT NULL AUTO_INCREMENT,
  `task_name` varchar(200) DEFAULT NULL,
  `task_description` longtext,
  `task_location` varchar(2000) DEFAULT NULL,
  `task_people` varchar(2000) DEFAULT NULL,
  `task_time` datetime DEFAULT NULL,
  `argue_time` datetime DEFAULT NULL,
  `mark1` longtext DEFAULT NULL,
  `mark2` varchar(200) DEFAULT NULL,
  PRIMARY KEY (`task_id`)
) ENGINE=InnoDB AUTO_INCREMENT=2 DEFAULT CHARSET=utf8;

-- 正在导出表  mm.sas_swot_task 的数据：~0 rows (大约)
DELETE FROM `sas_swot_task`;
/*!40000 ALTER TABLE `sas_swot_task` DISABLE KEYS */;
INSERT INTO `sas_swot_task` (`task_id`, `task_name`, `task_description`, `task_location`, `task_people`, `task_time`, `argue_time`, `mark1`, `mark2`) VALUES
	(1, '发展军事逆向物流的SWOT分析', '发展军事逆向物流的SWOT分析', '武汉', NULL, NULL, '2016-07-09 18:30:44', NULL, NULL);
/*!40000 ALTER TABLE `sas_swot_task` ENABLE KEYS */;


-- 导出  表 mm.tbdescition 结构
DROP TABLE IF EXISTS `tbdescition`;
CREATE TABLE IF NOT EXISTS `tbdescition` (
  `id` int(11) NOT NULL AUTO_INCREMENT,
  `varName` varchar(64) NOT NULL,
  `varConsistency` varchar(64) NOT NULL,
  `varScheme` varchar(255) DEFAULT NULL,
  `varLastConsistency` varchar(255) DEFAULT NULL,
  `time` datetime DEFAULT NULL,
  PRIMARY KEY (`id`)
) ENGINE=InnoDB AUTO_INCREMENT=184 DEFAULT CHARSET=utf8;

-- 正在导出表  mm.tbdescition 的数据：~0 rows (大约)
DELETE FROM `tbdescition`;
/*!40000 ALTER TABLE `tbdescition` DISABLE KEYS */;
INSERT INTO `tbdescition` (`id`, `varName`, `varConsistency`, `varScheme`, `varLastConsistency`, `time`) VALUES
	(183, '南海战略问题', '0.98', '和平解决争端问题，避免动武', '0.48', '2016-07-07 11:51:38');
/*!40000 ALTER TABLE `tbdescition` ENABLE KEYS */;


-- 导出  表 mm.tbexpert 结构
DROP TABLE IF EXISTS `tbexpert`;
CREATE TABLE IF NOT EXISTS `tbexpert` (
  `id` int(11) NOT NULL AUTO_INCREMENT,
  `varName` varchar(16) NOT NULL,
  `intNumber` varchar(32) NOT NULL,
  `varSex` varchar(8) NOT NULL,
  `varTitle` varchar(8) NOT NULL,
  `varWorkUnit` varchar(64) NOT NULL,
  PRIMARY KEY (`id`)
) ENGINE=InnoDB AUTO_INCREMENT=44 DEFAULT CHARSET=utf8;

-- 正在导出表  mm.tbexpert 的数据：~4 rows (大约)
DELETE FROM `tbexpert`;
/*!40000 ALTER TABLE `tbexpert` DISABLE KEYS */;
INSERT INTO `tbexpert` (`id`, `varName`, `intNumber`, `varSex`, `varTitle`, `varWorkUnit`) VALUES
	(35, '李宣', '001', '男', '硕士', '湖工'),
	(36, '吕克', '002', '男', '硕士', '湖工'),
	(38, '华珍', '004', '男', '硕士', '湖工'),
	(43, '王五', '005', '男', '硕士', '湖工');
/*!40000 ALTER TABLE `tbexpert` ENABLE KEYS */;


-- 导出  表 mm.tbexpert_descition 结构
DROP TABLE IF EXISTS `tbexpert_descition`;
CREATE TABLE IF NOT EXISTS `tbexpert_descition` (
  `id` int(11) NOT NULL AUTO_INCREMENT,
  `intExpert` int(11) NOT NULL,
  `intDescition` int(11) NOT NULL,
  PRIMARY KEY (`id`)
) ENGINE=InnoDB AUTO_INCREMENT=125 DEFAULT CHARSET=utf8;

-- 正在导出表  mm.tbexpert_descition 的数据：~124 rows (大约)
DELETE FROM `tbexpert_descition`;
/*!40000 ALTER TABLE `tbexpert_descition` DISABLE KEYS */;
INSERT INTO `tbexpert_descition` (`id`, `intExpert`, `intDescition`) VALUES
	(1, 1, 9),
	(2, 2, 9),
	(3, 1, 10),
	(4, 2, 10),
	(5, 1, 11),
	(6, 2, 11),
	(7, 1, 12),
	(8, 2, 12),
	(9, 1, 13),
	(10, 2, 13),
	(11, 1, 14),
	(12, 2, 14),
	(13, 1, 15),
	(14, 2, 15),
	(15, 1, 16),
	(16, 2, 16),
	(17, 1, 17),
	(18, 2, 17),
	(19, 1, 18),
	(20, 2, 18),
	(21, 1, 19),
	(22, 2, 19),
	(23, 1, 20),
	(24, 2, 20),
	(25, 1, 21),
	(26, 2, 21),
	(27, 1, 22),
	(28, 2, 22),
	(29, 1, 26),
	(30, 2, 26),
	(31, 1, 31),
	(32, 2, 31),
	(33, 1, 32),
	(34, 2, 32),
	(35, 1, 33),
	(36, 2, 33),
	(37, 1, 34),
	(38, 2, 34),
	(39, 1, 35),
	(40, 2, 35),
	(41, 1, 36),
	(42, 2, 36),
	(43, 1, 37),
	(44, 2, 37),
	(45, 1, 38),
	(46, 2, 38),
	(47, 1, 39),
	(48, 2, 39),
	(49, 1, 40),
	(50, 2, 40),
	(51, 1, 41),
	(52, 2, 41),
	(53, 1, 42),
	(54, 2, 42),
	(55, 1, 43),
	(56, 2, 43),
	(57, 1, 44),
	(58, 2, 44),
	(59, 1, 45),
	(60, 2, 45),
	(61, 1, 46),
	(62, 2, 46),
	(63, 1, 47),
	(64, 2, 47),
	(65, 1, 48),
	(66, 2, 48),
	(67, 1, 49),
	(68, 2, 49),
	(69, 1, 50),
	(70, 2, 50),
	(71, 1, 51),
	(72, 2, 51),
	(73, 1, 52),
	(74, 2, 52),
	(75, 1, 53),
	(76, 2, 53),
	(77, 1, 54),
	(78, 2, 54),
	(79, 1, 55),
	(80, 2, 55),
	(81, 1, 56),
	(82, 2, 56),
	(83, 1, 57),
	(84, 2, 57),
	(85, 1, 58),
	(86, 2, 58),
	(87, 1, 59),
	(88, 2, 59),
	(89, 1, 84),
	(90, 2, 84),
	(91, 1, 85),
	(92, 2, 85),
	(93, 3, 91),
	(94, 4, 91),
	(95, 3, 111),
	(96, 4, 111),
	(97, 5, 111),
	(98, 6, 111),
	(99, 1, 133),
	(100, 2, 133),
	(101, 3, 133),
	(102, 4, 134),
	(103, 5, 134),
	(104, 6, 134),
	(105, 3, 135),
	(106, 4, 135),
	(107, 5, 135),
	(108, 1, 136),
	(109, 2, 136),
	(110, 4, 136),
	(111, 1, 137),
	(112, 3, 137),
	(113, 4, 137),
	(114, 1, 138),
	(115, 2, 138),
	(116, 3, 138),
	(117, 44, 179),
	(118, 38, 179),
	(119, 43, 180),
	(120, 38, 180),
	(121, 43, 181),
	(122, 38, 181),
	(123, 38, 183),
	(124, 36, 183);
/*!40000 ALTER TABLE `tbexpert_descition` ENABLE KEYS */;


-- 导出  表 mm.tbexpert_field 结构
DROP TABLE IF EXISTS `tbexpert_field`;
CREATE TABLE IF NOT EXISTS `tbexpert_field` (
  `id` int(11) NOT NULL AUTO_INCREMENT,
  `intExpertId` int(11) NOT NULL,
  `intField` int(11) NOT NULL,
  PRIMARY KEY (`id`)
) ENGINE=InnoDB DEFAULT CHARSET=utf8;

-- 正在导出表  mm.tbexpert_field 的数据：~0 rows (大约)
DELETE FROM `tbexpert_field`;
/*!40000 ALTER TABLE `tbexpert_field` DISABLE KEYS */;
/*!40000 ALTER TABLE `tbexpert_field` ENABLE KEYS */;


-- 导出  表 mm.tbfield 结构
DROP TABLE IF EXISTS `tbfield`;
CREATE TABLE IF NOT EXISTS `tbfield` (
  `id` int(11) NOT NULL AUTO_INCREMENT,
  `varName` varchar(60) NOT NULL,
  `varDescipition` varchar(512) NOT NULL,
  `varFatherFieldId` int(11) DEFAULT NULL,
  PRIMARY KEY (`id`)
) ENGINE=InnoDB DEFAULT CHARSET=utf8;

-- 正在导出表  mm.tbfield 的数据：~0 rows (大约)
DELETE FROM `tbfield`;
/*!40000 ALTER TABLE `tbfield` DISABLE KEYS */;
/*!40000 ALTER TABLE `tbfield` ENABLE KEYS */;


-- 导出  表 mm.tbrule 结构
DROP TABLE IF EXISTS `tbrule`;
CREATE TABLE IF NOT EXISTS `tbrule` (
  `id` int(11) NOT NULL AUTO_INCREMENT,
  `varName` varchar(60) NOT NULL,
  `varDescripition` varchar(255) DEFAULT NULL,
  `varWeight` varchar(32) NOT NULL,
  `intDescition` int(11) NOT NULL,
  PRIMARY KEY (`id`)
) ENGINE=InnoDB AUTO_INCREMENT=287 DEFAULT CHARSET=utf8;

-- 正在导出表  mm.tbrule 的数据：~3 rows (大约)
DELETE FROM `tbrule`;
/*!40000 ALTER TABLE `tbrule` DISABLE KEYS */;
INSERT INTO `tbrule` (`id`, `varName`, `varDescripition`, `varWeight`, `intDescition`) VALUES
	(284, '战略性', NULL, '0.3', 183),
	(285, '国际影响', NULL, '0.3', 183),
	(286, '经济性', NULL, '0.4', 183);
/*!40000 ALTER TABLE `tbrule` ENABLE KEYS */;


-- 导出  表 mm.tbscheme 结构
DROP TABLE IF EXISTS `tbscheme`;
CREATE TABLE IF NOT EXISTS `tbscheme` (
  `id` int(11) NOT NULL AUTO_INCREMENT,
  `varName` varchar(60) NOT NULL,
  `varDescripition` varchar(255) DEFAULT NULL,
  `varScore` varchar(16) DEFAULT NULL,
  `intDescitionId` int(11) NOT NULL,
  PRIMARY KEY (`id`)
) ENGINE=InnoDB AUTO_INCREMENT=368 DEFAULT CHARSET=utf8;

-- 正在导出表  mm.tbscheme 的数据：~6 rows (大约)
DELETE FROM `tbscheme`;
/*!40000 ALTER TABLE `tbscheme` DISABLE KEYS */;
INSERT INTO `tbscheme` (`id`, `varName`, `varDescripition`, `varScore`, `intDescitionId`) VALUES
	(88, '1', '', NULL, 46),
	(89, '2', '', NULL, 46),
	(90, '3', '', NULL, 46),
	(365, '维持现状，共同开发', '1、与周边国家和东盟持续合作。(1)通过建立中国—东盟自由贸易区,密切相互间经济关系。(2)坚持共同开发。针对中日东海争端,早在1984年邓小平就提出:“有些国际上的领土争端,要从现实出发,寻求新路子解决。可以先不谈主权,共同开发。” 目前共同开发的主要难点在于其适用的海域范围,但有所进展,如2004年9月和2005年3月,中菲和中菲越达成在有关协议区联合进行海洋地震工作的协议,主要是评估油气储量状况。', '5.08', 183),
	(366, '夺回南海，维护主权和领土完整', '从共同开发到自由开发，是我国关于南海问题立场的一次大倒退。什么样的土地、海域可以自由开发？只有无主且无争议的土地、公海才可以自由开发！所以，刘大使所言如果是一项国策，必须请高层出来确认，如果是口误必须及时加以纠正。', '5.25', 183),
	(367, '和平解决争端问题，避免动武', '解决南海问题，还是要首先立足于外交途径。因为通过军事手段对双方，包括双边关系都是有所伤害的。但是面对大的冲突，也不放弃使用军事方式。现在，中国政府不断重申在法律上对南沙群岛的主权是具有积极意义的，因为在国际法上，不积极交涉就会被默认。', '5.5', 183);
/*!40000 ALTER TABLE `tbscheme` ENABLE KEYS */;


-- 导出  表 mm.users 结构
DROP TABLE IF EXISTS `users`;
CREATE TABLE IF NOT EXISTS `users` (
  `user_id` int(11) NOT NULL AUTO_INCREMENT,
  `user_name` varchar(20) NOT NULL,
  `password` varchar(20) NOT NULL,
  PRIMARY KEY (`user_id`)
) ENGINE=InnoDB DEFAULT CHARSET=utf8;

-- 正在导出表  mm.users 的数据：~0 rows (大约)
DELETE FROM `users`;
/*!40000 ALTER TABLE `users` DISABLE KEYS */;
/*!40000 ALTER TABLE `users` ENABLE KEYS */;


-- 导出  表 mm.Users 结构
DROP TABLE IF EXISTS `Users`;
CREATE TABLE IF NOT EXISTS `Users` (
  `user_id` int(11) NOT NULL AUTO_INCREMENT,
  `user_name` varchar(20) NOT NULL,
  `password` varchar(20) NOT NULL,
  PRIMARY KEY (`user_id`)
) ENGINE=InnoDB DEFAULT CHARSET=utf8;

-- 正在导出表  mm.Users 的数据：~0 rows (大约)
DELETE FROM `Users`;
/*!40000 ALTER TABLE `Users` DISABLE KEYS */;
/*!40000 ALTER TABLE `Users` ENABLE KEYS */;


-- 导出 strategy_game 的数据库结构
DROP DATABASE IF EXISTS `strategy_game`;
CREATE DATABASE IF NOT EXISTS `strategy_game` /*!40100 DEFAULT CHARACTER SET utf8 */;
USE `strategy_game`;


-- 导出  表 strategy_game.edges 结构
DROP TABLE IF EXISTS `edges`;
CREATE TABLE IF NOT EXISTS `edges` (
  `id` int(11) NOT NULL,
  `source` varchar(32) DEFAULT '',
  `target` varchar(32) DEFAULT '',
  `label` text,
  `weight` double DEFAULT '1',
  `gid` int(11) NOT NULL DEFAULT '-1'
) ENGINE=InnoDB DEFAULT CHARSET=gbk;

-- 正在导出表  strategy_game.edges 的数据：~16 rows (大约)
DELETE FROM `edges`;
/*!40000 ALTER TABLE `edges` DISABLE KEYS */;
INSERT INTO `edges` (`id`, `source`, `target`, `label`, `weight`, `gid`) VALUES
	(5, '2', '4', '空袭', 1, 1),
	(6, '2', '3', '封锁', 1, 1),
	(9, '3', '7', '保留', 1, 1),
	(10, '3', '8', '撤走', 1, 1),
	(13, '7', '11', '空袭', 1, 1),
	(14, '7', '12', '封锁', 1, 1),
	(21, '2', '3', '0.21', 0.21, 2),
	(22, '2', '4', '0.79', 0.79, 2),
	(23, '3', '7', '弃核', 1, 2),
	(24, '3', '8', '拥核', 1, 2),
	(25, '4', '9', '弃核', 1, 2),
	(26, '4', '10', '拥核', 1, 2),
	(27, '8', '15', '谈判', 1, 2),
	(28, '8', '16', '制裁', 1, 2),
	(29, '10', '19', '谈判', 1, 2),
	(30, '10', '20', '制裁', 1, 2);
/*!40000 ALTER TABLE `edges` ENABLE KEYS */;


-- 导出  表 strategy_game.graphs 结构
DROP TABLE IF EXISTS `graphs`;
CREATE TABLE IF NOT EXISTS `graphs` (
  `id` int(11) NOT NULL AUTO_INCREMENT,
  `name` varchar(256) DEFAULT NULL,
  `edgeFontSize` int(11) DEFAULT '18',
  `nodeFontSize` int(11) DEFAULT '26',
  PRIMARY KEY (`id`)
) ENGINE=InnoDB AUTO_INCREMENT=3 DEFAULT CHARSET=gbk;

-- 正在导出表  strategy_game.graphs 的数据：~2 rows (大约)
DELETE FROM `graphs`;
/*!40000 ALTER TABLE `graphs` DISABLE KEYS */;
INSERT INTO `graphs` (`id`, `name`, `edgeFontSize`, `nodeFontSize`) VALUES
	(1, '古巴导弹危机', 16, 18),
	(2, '朝鲜弃核', 16, 18);
/*!40000 ALTER TABLE `graphs` ENABLE KEYS */;


-- 导出  表 strategy_game.nodes 结构
DROP TABLE IF EXISTS `nodes`;
CREATE TABLE IF NOT EXISTS `nodes` (
  `id` int(11) NOT NULL,
  `label` text NOT NULL,
  `x` double DEFAULT NULL,
  `y` double DEFAULT NULL,
  `gid` int(11) NOT NULL DEFAULT '-1'
) ENGINE=InnoDB DEFAULT CHARSET=gbk;

-- 正在导出表  strategy_game.nodes 的数据：~18 rows (大约)
DELETE FROM `nodes`;
/*!40000 ALTER TABLE `nodes` DISABLE KEYS */;
INSERT INTO `nodes` (`id`, `label`, `x`, `y`, `gid`) VALUES
	(2, '美国', 221, 19, 1),
	(3, '苏联', 146, 71, 1),
	(4, '2,2', 274, 71, 1),
	(7, '美国', 189, 141, 1),
	(8, '4,3', 84, 141, 1),
	(11, '3,1', 144, 211, 1),
	(12, '1,4', 227, 212, 1),
	(2, '自然', 257.9, 32.025, 2),
	(3, '朝鲜', 178, 86, 2),
	(4, '朝鲜', 318, 86, 2),
	(7, '0,300', 87.625, 139.025, 2),
	(8, '美国', 193, 142, 2),
	(9, '0,400', 277.625, 142.025, 2),
	(10, '美国', 378, 146, 2),
	(15, '40,50', 123.625, 202.025, 2),
	(16, '-10,0', 217.625, 202.025, 2),
	(19, '30,80', 327.625, 202.025, 2),
	(20, '-10,100', 426.075, 202.025, 2);
/*!40000 ALTER TABLE `nodes` ENABLE KEYS */;


-- 导出  表 strategy_game.tb_actor 结构
DROP TABLE IF EXISTS `tb_actor`;
CREATE TABLE IF NOT EXISTS `tb_actor` (
  `actor_id` int(11) NOT NULL AUTO_INCREMENT,
  `actor_name` varchar(50) NOT NULL,
  `actor_detail` int(11) NOT NULL,
  `game_tree_id` int(11) NOT NULL,
  `remark1` varchar(200) DEFAULT NULL,
  `remark2` varchar(200) DEFAULT NULL,
  PRIMARY KEY (`actor_id`)
) ENGINE=InnoDB AUTO_INCREMENT=12 DEFAULT CHARSET=gbk;

-- 正在导出表  strategy_game.tb_actor 的数据：~9 rows (大约)
DELETE FROM `tb_actor`;
/*!40000 ALTER TABLE `tb_actor` DISABLE KEYS */;
INSERT INTO `tb_actor` (`actor_id`, `actor_name`, `actor_detail`, `game_tree_id`, `remark1`, `remark2`) VALUES
	(3, '中国', 1, 2, NULL, NULL),
	(4, '美国', 2, 2, NULL, NULL),
	(5, '美国', 1, 3, NULL, NULL),
	(6, '苏联', 2, 3, NULL, NULL),
	(7, '自然', 1, 4, NULL, NULL),
	(8, '朝鲜', 2, 4, NULL, NULL),
	(9, '美国', 3, 4, NULL, NULL),
	(10, '丈夫', 1, 5, NULL, NULL),
	(11, '妻子', 2, 5, NULL, NULL);
/*!40000 ALTER TABLE `tb_actor` ENABLE KEYS */;


-- 导出  表 strategy_game.tb_game_matrix 结构
DROP TABLE IF EXISTS `tb_game_matrix`;
CREATE TABLE IF NOT EXISTS `tb_game_matrix` (
  `game_matrix_id` int(11) NOT NULL AUTO_INCREMENT,
  `game_tree_id` int(11) NOT NULL,
  `matrix_row` int(11) NOT NULL,
  `matrix_column` int(11) NOT NULL,
  `profit_set_id` int(11) DEFAULT NULL,
  `strategy_id` int(11) DEFAULT NULL,
  PRIMARY KEY (`game_matrix_id`)
) ENGINE=InnoDB AUTO_INCREMENT=25 DEFAULT CHARSET=gbk;

-- 正在导出表  strategy_game.tb_game_matrix 的数据：~16 rows (大约)
DELETE FROM `tb_game_matrix`;
/*!40000 ALTER TABLE `tb_game_matrix` DISABLE KEYS */;
INSERT INTO `tb_game_matrix` (`game_matrix_id`, `game_tree_id`, `matrix_row`, `matrix_column`, `profit_set_id`, `strategy_id`) VALUES
	(9, 2, 0, 1, NULL, 5),
	(10, 2, 0, 2, NULL, 6),
	(11, 2, 1, 0, NULL, 7),
	(12, 2, 1, 1, 5, NULL),
	(13, 2, 1, 2, 6, NULL),
	(14, 2, 2, 0, NULL, 8),
	(15, 2, 2, 1, 7, NULL),
	(16, 2, 2, 2, 8, NULL),
	(17, 5, 0, 1, NULL, 21),
	(18, 5, 0, 2, NULL, 22),
	(19, 5, 1, 0, NULL, 23),
	(20, 5, 1, 1, 19, NULL),
	(21, 5, 1, 2, 20, NULL),
	(22, 5, 2, 0, NULL, 24),
	(23, 5, 2, 1, 21, NULL),
	(24, 5, 2, 2, 22, NULL);
/*!40000 ALTER TABLE `tb_game_matrix` ENABLE KEYS */;


-- 导出  表 strategy_game.tb_game_tree 结构
DROP TABLE IF EXISTS `tb_game_tree`;
CREATE TABLE IF NOT EXISTS `tb_game_tree` (
  `game_tree_id` int(11) NOT NULL AUTO_INCREMENT,
  `game_tree_name` varchar(50) NOT NULL,
  `game_tree_type` int(11) NOT NULL,
  `area` varchar(100) DEFAULT NULL,
  `person` varchar(100) DEFAULT NULL,
  `event_time` datetime DEFAULT NULL,
  `discuss_time` datetime DEFAULT NULL,
  `remark1` varchar(200) DEFAULT NULL,
  `remark2` varchar(200) DEFAULT NULL,
  `is_complete` tinyint(1) NOT NULL DEFAULT '0',
  `is_result` tinyint(1) NOT NULL DEFAULT '0',
  `gid` int(11) DEFAULT '0',
  PRIMARY KEY (`game_tree_id`)
) ENGINE=InnoDB AUTO_INCREMENT=6 DEFAULT CHARSET=gbk;

-- 正在导出表  strategy_game.tb_game_tree 的数据：~4 rows (大约)
DELETE FROM `tb_game_tree`;
/*!40000 ALTER TABLE `tb_game_tree` DISABLE KEYS */;
INSERT INTO `tb_game_tree` (`game_tree_id`, `game_tree_name`, `game_tree_type`, `area`, `person`, `event_time`, `discuss_time`, `remark1`, `remark2`, `is_complete`, `is_result`, `gid`) VALUES
	(2, '台湾问题', 1, '台湾', '研讨小组', '2016-03-01 00:00:00', NULL, NULL, NULL, 1, 1, 0),
	(3, '古巴导弹危机', 2, '古巴', '研讨小组', '1962-10-14 00:00:00', NULL, NULL, NULL, 1, 1, 1),
	(4, '朝鲜弃核', 3, '武汉', '研讨小组', '2016-02-01 00:00:00', NULL, NULL, NULL, 1, 1, 2),
	(5, '夫妻博弈', 1, '武汉', '研讨小组', '2016-04-01 00:00:00', NULL, NULL, NULL, 1, 1, 0);
/*!40000 ALTER TABLE `tb_game_tree` ENABLE KEYS */;


-- 导出  表 strategy_game.tb_game_tree_node 结构
DROP TABLE IF EXISTS `tb_game_tree_node`;
CREATE TABLE IF NOT EXISTS `tb_game_tree_node` (
  `game_tree_node_id` int(11) NOT NULL,
  `game_tree_node_name` varchar(50) NOT NULL,
  `game_tree_id` int(11) NOT NULL,
  `node_layer` int(11) NOT NULL DEFAULT '0',
  `node_position` int(11) NOT NULL DEFAULT '0',
  `node_type` int(11) NOT NULL DEFAULT '0',
  `father_node_id` int(11) DEFAULT NULL,
  `actor_id` int(11) DEFAULT NULL,
  `strategy_id` int(11) DEFAULT NULL,
  `probability` float(5,2) DEFAULT '0.00',
  `probability_detail` varchar(50) DEFAULT NULL,
  `profit_set_id` int(11) DEFAULT NULL,
  PRIMARY KEY (`game_tree_node_id`)
) ENGINE=InnoDB DEFAULT CHARSET=gbk;

-- 正在导出表  strategy_game.tb_game_tree_node 的数据：~18 rows (大约)
DELETE FROM `tb_game_tree_node`;
/*!40000 ALTER TABLE `tb_game_tree_node` DISABLE KEYS */;
INSERT INTO `tb_game_tree_node` (`game_tree_node_id`, `game_tree_node_name`, `game_tree_id`, `node_layer`, `node_position`, `node_type`, `father_node_id`, `actor_id`, `strategy_id`, `probability`, `probability_detail`, `profit_set_id`) VALUES
	(1, '美国', 3, 1, 2, 1, 0, 5, 0, 0.00, '', 0),
	(2, '2,2', 3, 2, 4, 3, 1, 0, 9, 0.00, '', 9),
	(3, '苏联', 3, 2, 3, 2, 1, 6, 10, 0.00, '', 0),
	(4, '美国', 3, 3, 7, 2, 3, 5, 11, 0.00, '', 0),
	(5, '4,3', 3, 3, 8, 3, 3, 0, 12, 0.00, '', 10),
	(6, '3,1', 3, 4, 11, 3, 4, 0, 13, 0.00, '', 11),
	(7, '1,4', 3, 4, 12, 3, 4, 0, 14, 0.00, '', 12),
	(8, '自然', 4, 1, 2, 1, 0, 7, 0, 0.00, '', 0),
	(9, '朝鲜', 4, 2, 3, 2, 8, 8, 0, 0.21, '高成本', 0),
	(10, '朝鲜', 4, 2, 4, 2, 8, 8, 0, 0.79, '低成本', 0),
	(11, '0,300', 4, 3, 7, 3, 9, 0, 33, 0.00, '', 13),
	(12, '美国', 4, 3, 8, 2, 9, 9, 34, 0.00, '', 0),
	(13, '0,400', 4, 3, 9, 3, 10, 0, 33, 0.00, '', 14),
	(14, '美国', 4, 3, 10, 2, 10, 9, 34, 0.00, '', 0),
	(15, '40,50', 4, 4, 15, 3, 12, 0, 35, 0.00, '', 15),
	(16, '-10,0', 4, 4, 16, 3, 12, 0, 36, 0.00, '', 16),
	(17, '30,80', 4, 4, 19, 3, 14, 0, 35, 0.00, '', 17),
	(18, '-10,100', 4, 4, 20, 3, 14, 0, 36, 0.00, '', 18);
/*!40000 ALTER TABLE `tb_game_tree_node` ENABLE KEYS */;


-- 导出  表 strategy_game.tb_profit_group 结构
DROP TABLE IF EXISTS `tb_profit_group`;
CREATE TABLE IF NOT EXISTS `tb_profit_group` (
  `profit_group_id` int(11) NOT NULL AUTO_INCREMENT,
  `profit_set_id` int(11) NOT NULL,
  `actor_id` int(11) NOT NULL,
  `strategy_id` int(11) NOT NULL,
  `profit_unit` varchar(50) DEFAULT NULL,
  `profit_value` int(11) NOT NULL,
  `remark1` varchar(200) DEFAULT NULL,
  `remark2` varchar(200) DEFAULT NULL,
  PRIMARY KEY (`profit_group_id`)
) ENGINE=InnoDB AUTO_INCREMENT=72 DEFAULT CHARSET=gbk;

-- 正在导出表  strategy_game.tb_profit_group 的数据：~33 rows (大约)
DELETE FROM `tb_profit_group`;
/*!40000 ALTER TABLE `tb_profit_group` DISABLE KEYS */;
INSERT INTO `tb_profit_group` (`profit_group_id`, `profit_set_id`, `actor_id`, `strategy_id`, `profit_unit`, `profit_value`, `remark1`, `remark2`) VALUES
	(9, 5, 3, 7, NULL, 3, NULL, NULL),
	(10, 5, 4, 5, NULL, 2, NULL, NULL),
	(11, 6, 3, 7, NULL, -1, NULL, NULL),
	(12, 6, 4, 6, NULL, 3, NULL, NULL),
	(13, 7, 3, 8, NULL, 4, NULL, NULL),
	(14, 7, 4, 5, NULL, 1, NULL, NULL),
	(15, 8, 3, 8, NULL, 0, NULL, NULL),
	(16, 8, 4, 6, NULL, 0, NULL, NULL),
	(17, 9, 5, 9, NULL, 2, NULL, NULL),
	(18, 10, 5, 10, NULL, 4, NULL, NULL),
	(19, 10, 6, 12, NULL, 3, NULL, NULL),
	(20, 11, 5, 13, NULL, 3, NULL, NULL),
	(21, 11, 6, 11, NULL, 1, NULL, NULL),
	(22, 12, 5, 14, NULL, 1, NULL, NULL),
	(23, 12, 6, 11, NULL, 4, NULL, NULL),
	(34, 19, 10, 23, NULL, 2, NULL, NULL),
	(35, 19, 11, 21, NULL, 1, NULL, NULL),
	(36, 20, 10, 23, NULL, 0, NULL, NULL),
	(37, 20, 11, 22, NULL, 0, NULL, NULL),
	(38, 21, 10, 24, NULL, -1, NULL, NULL),
	(39, 21, 11, 21, NULL, -1, NULL, NULL),
	(40, 22, 10, 24, NULL, 1, NULL, NULL),
	(41, 22, 11, 22, NULL, 2, NULL, NULL),
	(62, 13, 8, 33, NULL, 0, NULL, NULL),
	(63, 14, 8, 33, NULL, 0, NULL, NULL),
	(64, 15, 8, 34, NULL, 40, NULL, NULL),
	(65, 15, 9, 35, NULL, 50, NULL, NULL),
	(66, 16, 8, 34, NULL, -10, NULL, NULL),
	(67, 16, 9, 36, NULL, 0, NULL, NULL),
	(68, 17, 8, 34, NULL, 30, NULL, NULL),
	(69, 17, 9, 35, NULL, 80, NULL, NULL),
	(70, 18, 8, 34, NULL, -10, NULL, NULL),
	(71, 18, 9, 36, NULL, 100, NULL, NULL);
/*!40000 ALTER TABLE `tb_profit_group` ENABLE KEYS */;


-- 导出  表 strategy_game.tb_profit_set 结构
DROP TABLE IF EXISTS `tb_profit_set`;
CREATE TABLE IF NOT EXISTS `tb_profit_set` (
  `profit_set_id` int(11) NOT NULL AUTO_INCREMENT,
  `profit_set_name` varchar(50) NOT NULL,
  `game_tree_id` int(11) NOT NULL,
  `mix_probability` float(5,2) DEFAULT '0.00',
  `pure_probability` float(5,2) DEFAULT '0.00',
  `remark1` varchar(200) DEFAULT NULL,
  `remark2` varchar(200) DEFAULT NULL,
  PRIMARY KEY (`profit_set_id`)
) ENGINE=InnoDB AUTO_INCREMENT=23 DEFAULT CHARSET=gbk;

-- 正在导出表  strategy_game.tb_profit_set 的数据：~18 rows (大约)
DELETE FROM `tb_profit_set`;
/*!40000 ALTER TABLE `tb_profit_set` DISABLE KEYS */;
INSERT INTO `tb_profit_set` (`profit_set_id`, `profit_set_name`, `game_tree_id`, `mix_probability`, `pure_probability`, `remark1`, `remark2`) VALUES
	(5, '3,2', 2, 0.00, 0.00, NULL, NULL),
	(6, '-1,3', 2, 0.00, 0.00, NULL, NULL),
	(7, '4,1', 2, 0.00, 1.00, NULL, NULL),
	(8, '0,0', 2, 0.00, 0.00, NULL, NULL),
	(9, '2,2', 3, 0.00, 0.00, NULL, NULL),
	(10, '4,3', 3, 0.00, 1.00, NULL, NULL),
	(11, '3,1', 3, 0.00, 0.00, NULL, NULL),
	(12, '1,4', 3, 0.00, 0.00, NULL, NULL),
	(13, '0,300', 4, 0.00, 0.00, NULL, NULL),
	(14, '0,400', 4, 0.00, 0.00, NULL, NULL),
	(15, '40,50', 4, 0.00, 0.21, NULL, NULL),
	(16, '-10,0', 4, 0.00, 0.00, NULL, NULL),
	(17, '30,80', 4, 0.00, 0.00, NULL, NULL),
	(18, '-10,100', 4, 0.00, 0.79, NULL, NULL),
	(19, '2,1', 5, 0.19, 1.00, NULL, NULL),
	(20, '0,0', 5, 0.56, 0.00, NULL, NULL),
	(21, '-1,-1', 5, 0.06, 0.00, NULL, NULL),
	(22, '1,2', 5, 0.19, 1.00, NULL, NULL);
/*!40000 ALTER TABLE `tb_profit_set` ENABLE KEYS */;


-- 导出  表 strategy_game.tb_result 结构
DROP TABLE IF EXISTS `tb_result`;
CREATE TABLE IF NOT EXISTS `tb_result` (
  `game_result_id` int(11) NOT NULL AUTO_INCREMENT,
  `game_tree_id` int(11) NOT NULL,
  `actor_id` int(11) NOT NULL,
  `strategy_id` int(11) NOT NULL,
  `probability` float(5,2) NOT NULL,
  `nash_equilibrium_type` int(11) NOT NULL DEFAULT '0',
  PRIMARY KEY (`game_result_id`)
) ENGINE=InnoDB AUTO_INCREMENT=213 DEFAULT CHARSET=gbk;

-- 正在导出表  strategy_game.tb_result 的数据：~16 rows (大约)
DELETE FROM `tb_result`;
/*!40000 ALTER TABLE `tb_result` DISABLE KEYS */;
INSERT INTO `tb_result` (`game_result_id`, `game_tree_id`, `actor_id`, `strategy_id`, `probability`, `nash_equilibrium_type`) VALUES
	(175, 3, 5, 10, 1.00, 3),
	(176, 3, 6, 12, 1.00, 3),
	(191, 4, 8, 34, 0.21, 4),
	(192, 4, 9, 35, 0.21, 4),
	(193, 4, 8, 34, 0.79, 4),
	(194, 4, 9, 36, 0.79, 4),
	(195, 2, 3, 8, 1.00, 1),
	(196, 2, 4, 5, 1.00, 1),
	(205, 5, 10, 23, 1.00, 1),
	(206, 5, 11, 21, 1.00, 1),
	(207, 5, 10, 24, 1.00, 1),
	(208, 5, 11, 22, 1.00, 1),
	(209, 5, 10, 23, 0.75, 2),
	(210, 5, 10, 24, 0.25, 2),
	(211, 5, 11, 21, 0.25, 2),
	(212, 5, 11, 22, 0.75, 2);
/*!40000 ALTER TABLE `tb_result` ENABLE KEYS */;


-- 导出  表 strategy_game.tb_strategy 结构
DROP TABLE IF EXISTS `tb_strategy`;
CREATE TABLE IF NOT EXISTS `tb_strategy` (
  `strategy_id` int(11) NOT NULL AUTO_INCREMENT,
  `strategy_name` varchar(50) NOT NULL,
  `strategy_detail` varchar(100) DEFAULT NULL,
  `game_tree_id` int(11) NOT NULL,
  `remark1` varchar(200) DEFAULT NULL,
  `remark2` varchar(200) DEFAULT NULL,
  PRIMARY KEY (`strategy_id`)
) ENGINE=InnoDB AUTO_INCREMENT=37 DEFAULT CHARSET=gbk;

-- 正在导出表  strategy_game.tb_strategy 的数据：~18 rows (大约)
DELETE FROM `tb_strategy`;
/*!40000 ALTER TABLE `tb_strategy` DISABLE KEYS */;
INSERT INTO `tb_strategy` (`strategy_id`, `strategy_name`, `strategy_detail`, `game_tree_id`, `remark1`, `remark2`) VALUES
	(5, '不介入', NULL, 2, NULL, NULL),
	(6, '介入', NULL, 2, NULL, NULL),
	(7, '和平统一', NULL, 2, NULL, NULL),
	(8, '武力统一', NULL, 2, NULL, NULL),
	(9, '空袭', NULL, 3, NULL, NULL),
	(10, '封锁', NULL, 3, NULL, NULL),
	(11, '保留', NULL, 3, NULL, NULL),
	(12, '撤走', NULL, 3, NULL, NULL),
	(13, '空袭', NULL, 3, NULL, NULL),
	(14, '封锁', NULL, 3, NULL, NULL),
	(21, '看球', NULL, 5, NULL, NULL),
	(22, '逛街', NULL, 5, NULL, NULL),
	(23, '看球', NULL, 5, NULL, NULL),
	(24, '逛街', NULL, 5, NULL, NULL),
	(33, '弃核', NULL, 4, NULL, NULL),
	(34, '拥核', NULL, 4, NULL, NULL),
	(35, '谈判', NULL, 4, NULL, NULL),
	(36, '制裁', NULL, 4, NULL, NULL);
/*!40000 ALTER TABLE `tb_strategy` ENABLE KEYS */;


-- 导出  视图 strategy_game.vi_matrix_compute 结构
DROP VIEW IF EXISTS `vi_matrix_compute`;
-- 创建临时表以解决视图依赖性错误
CREATE TABLE `vi_matrix_compute` (
	`profit_set_id` INT(11) NOT NULL,
	`profit_value` INT(11) NOT NULL,
	`actor_id` INT(11) NOT NULL,
	`strategy_id` INT(11) NOT NULL,
	`matrix_row` INT(11) NOT NULL,
	`matrix_column` INT(11) NOT NULL,
	`actor_detail` INT(11) NOT NULL,
	`game_tree_id` INT(11) NOT NULL
) ENGINE=MyISAM;


-- 导出  视图 strategy_game.vi_matrix_profit 结构
DROP VIEW IF EXISTS `vi_matrix_profit`;
-- 创建临时表以解决视图依赖性错误
CREATE TABLE `vi_matrix_profit` (
	`game_tree_id` INT(11) NOT NULL,
	`matrix_row` INT(11) NOT NULL,
	`matrix_column` INT(11) NOT NULL,
	`profit_set_id` INT(11) NULL,
	`strategy_id` INT(11) NULL,
	`profit_set_name` VARCHAR(50) NOT NULL COLLATE 'gbk_chinese_ci'
) ENGINE=MyISAM;


-- 导出  视图 strategy_game.vi_matrix_strategy 结构
DROP VIEW IF EXISTS `vi_matrix_strategy`;
-- 创建临时表以解决视图依赖性错误
CREATE TABLE `vi_matrix_strategy` (
	`game_tree_id` INT(11) NOT NULL,
	`matrix_row` INT(11) NOT NULL,
	`matrix_column` INT(11) NOT NULL,
	`profit_set_id` INT(11) NULL,
	`strategy_id` INT(11) NULL,
	`strategy_name` VARCHAR(50) NOT NULL COLLATE 'gbk_chinese_ci'
) ENGINE=MyISAM;


-- 导出  视图 strategy_game.vi_result_group 结构
DROP VIEW IF EXISTS `vi_result_group`;
-- 创建临时表以解决视图依赖性错误
CREATE TABLE `vi_result_group` (
	`game_result_id` INT(11) NOT NULL,
	`game_tree_id` INT(11) NOT NULL,
	`actor_id` INT(11) NOT NULL,
	`strategy_id` INT(11) NOT NULL,
	`probability` FLOAT(5,2) NOT NULL,
	`actor_name` VARCHAR(50) NOT NULL COLLATE 'gbk_chinese_ci',
	`strategy_name` VARCHAR(50) NOT NULL COLLATE 'gbk_chinese_ci',
	`nash_equilibrium_type` INT(11) NOT NULL
) ENGINE=MyISAM;


-- 导出  视图 strategy_game.vi_tree_node 结构
DROP VIEW IF EXISTS `vi_tree_node`;
-- 创建临时表以解决视图依赖性错误
CREATE TABLE `vi_tree_node` (
	`game_tree_node_name` VARCHAR(50) NOT NULL COLLATE 'gbk_chinese_ci',
	`node_position` INT(11) NOT NULL,
	`node_layer` INT(11) NOT NULL,
	`node_type` INT(11) NOT NULL,
	`game_tree_id` INT(11) NOT NULL,
	`father_node_id` INT(11) NULL,
	`actor_id` INT(11) NULL,
	`strategy_id` INT(11) NULL,
	`probability` FLOAT(5,2) NULL,
	`profit_set_id` INT(11) NULL,
	`strategy_name` VARCHAR(50) NOT NULL COLLATE 'gbk_chinese_ci',
	`game_tree_node_id` INT(11) NOT NULL,
	`probability_detail` VARCHAR(50) NULL COLLATE 'gbk_chinese_ci'
) ENGINE=MyISAM;


-- 导出  视图 strategy_game.vi_matrix_compute 结构
DROP VIEW IF EXISTS `vi_matrix_compute`;
-- 移除临时表并创建最终视图结构
DROP TABLE IF EXISTS `vi_matrix_compute`;
CREATE ALGORITHM=UNDEFINED DEFINER=`root`@`localhost` SQL SECURITY DEFINER VIEW `strategy_game`.`vi_matrix_compute` AS select `strategy_game`.`tb_profit_set`.`profit_set_id` AS `profit_set_id`,`strategy_game`.`tb_profit_group`.`profit_value` AS `profit_value`,`strategy_game`.`tb_profit_group`.`actor_id` AS `actor_id`,`strategy_game`.`tb_profit_group`.`strategy_id` AS `strategy_id`,`strategy_game`.`tb_game_matrix`.`matrix_row` AS `matrix_row`,`strategy_game`.`tb_game_matrix`.`matrix_column` AS `matrix_column`,`strategy_game`.`tb_actor`.`actor_detail` AS `actor_detail`,`strategy_game`.`tb_game_matrix`.`game_tree_id` AS `game_tree_id` from (((`strategy_game`.`tb_profit_set` join `strategy_game`.`tb_profit_group`) join `strategy_game`.`tb_game_matrix`) join `strategy_game`.`tb_actor`) where ((`strategy_game`.`tb_profit_set`.`profit_set_id` = `strategy_game`.`tb_profit_group`.`profit_set_id`) and (`strategy_game`.`tb_profit_set`.`profit_set_id` = `strategy_game`.`tb_game_matrix`.`profit_set_id`) and (`strategy_game`.`tb_profit_group`.`actor_id` = `strategy_game`.`tb_actor`.`actor_id`));


-- 导出  视图 strategy_game.vi_matrix_profit 结构
DROP VIEW IF EXISTS `vi_matrix_profit`;
-- 移除临时表并创建最终视图结构
DROP TABLE IF EXISTS `vi_matrix_profit`;
CREATE ALGORITHM=UNDEFINED DEFINER=`root`@`localhost` SQL SECURITY DEFINER VIEW `strategy_game`.`vi_matrix_profit` AS select `strategy_game`.`tb_game_matrix`.`game_tree_id` AS `game_tree_id`,`strategy_game`.`tb_game_matrix`.`matrix_row` AS `matrix_row`,`strategy_game`.`tb_game_matrix`.`matrix_column` AS `matrix_column`,`strategy_game`.`tb_game_matrix`.`profit_set_id` AS `profit_set_id`,`strategy_game`.`tb_game_matrix`.`strategy_id` AS `strategy_id`,`strategy_game`.`tb_profit_set`.`profit_set_name` AS `profit_set_name` from (`strategy_game`.`tb_game_matrix` join `strategy_game`.`tb_profit_set`) where (`strategy_game`.`tb_game_matrix`.`profit_set_id` = `strategy_game`.`tb_profit_set`.`profit_set_id`);


-- 导出  视图 strategy_game.vi_matrix_strategy 结构
DROP VIEW IF EXISTS `vi_matrix_strategy`;
-- 移除临时表并创建最终视图结构
DROP TABLE IF EXISTS `vi_matrix_strategy`;
CREATE ALGORITHM=UNDEFINED DEFINER=`root`@`localhost` SQL SECURITY DEFINER VIEW `strategy_game`.`vi_matrix_strategy` AS select `strategy_game`.`tb_game_matrix`.`game_tree_id` AS `game_tree_id`,`strategy_game`.`tb_game_matrix`.`matrix_row` AS `matrix_row`,`strategy_game`.`tb_game_matrix`.`matrix_column` AS `matrix_column`,`strategy_game`.`tb_game_matrix`.`profit_set_id` AS `profit_set_id`,`strategy_game`.`tb_game_matrix`.`strategy_id` AS `strategy_id`,`strategy_game`.`tb_strategy`.`strategy_name` AS `strategy_name` from (`strategy_game`.`tb_game_matrix` join `strategy_game`.`tb_strategy`) where (`strategy_game`.`tb_game_matrix`.`strategy_id` = `strategy_game`.`tb_strategy`.`strategy_id`);


-- 导出  视图 strategy_game.vi_result_group 结构
DROP VIEW IF EXISTS `vi_result_group`;
-- 移除临时表并创建最终视图结构
DROP TABLE IF EXISTS `vi_result_group`;
CREATE ALGORITHM=UNDEFINED DEFINER=`root`@`localhost` SQL SECURITY DEFINER VIEW `strategy_game`.`vi_result_group` AS select `strategy_game`.`tb_result`.`game_result_id` AS `game_result_id`,`strategy_game`.`tb_result`.`game_tree_id` AS `game_tree_id`,`strategy_game`.`tb_result`.`actor_id` AS `actor_id`,`strategy_game`.`tb_result`.`strategy_id` AS `strategy_id`,`strategy_game`.`tb_result`.`probability` AS `probability`,`strategy_game`.`tb_actor`.`actor_name` AS `actor_name`,`strategy_game`.`tb_strategy`.`strategy_name` AS `strategy_name`,`strategy_game`.`tb_result`.`nash_equilibrium_type` AS `nash_equilibrium_type` from ((`strategy_game`.`tb_result` join `strategy_game`.`tb_actor`) join `strategy_game`.`tb_strategy`) where ((`strategy_game`.`tb_result`.`actor_id` = `strategy_game`.`tb_actor`.`actor_id`) and (`strategy_game`.`tb_result`.`strategy_id` = `strategy_game`.`tb_strategy`.`strategy_id`));


-- 导出  视图 strategy_game.vi_tree_node 结构
DROP VIEW IF EXISTS `vi_tree_node`;
-- 移除临时表并创建最终视图结构
DROP TABLE IF EXISTS `vi_tree_node`;
CREATE ALGORITHM=UNDEFINED DEFINER=`root`@`localhost` SQL SECURITY DEFINER VIEW `strategy_game`.`vi_tree_node` AS select `strategy_game`.`tb_game_tree_node`.`game_tree_node_name` AS `game_tree_node_name`,`strategy_game`.`tb_game_tree_node`.`node_position` AS `node_position`,`strategy_game`.`tb_game_tree_node`.`node_layer` AS `node_layer`,`strategy_game`.`tb_game_tree_node`.`node_type` AS `node_type`,`strategy_game`.`tb_game_tree_node`.`game_tree_id` AS `game_tree_id`,`strategy_game`.`tb_game_tree_node`.`father_node_id` AS `father_node_id`,`strategy_game`.`tb_game_tree_node`.`actor_id` AS `actor_id`,`strategy_game`.`tb_game_tree_node`.`strategy_id` AS `strategy_id`,`strategy_game`.`tb_game_tree_node`.`probability` AS `probability`,`strategy_game`.`tb_game_tree_node`.`profit_set_id` AS `profit_set_id`,`strategy_game`.`tb_strategy`.`strategy_name` AS `strategy_name`,`strategy_game`.`tb_game_tree_node`.`game_tree_node_id` AS `game_tree_node_id`,`strategy_game`.`tb_game_tree_node`.`probability_detail` AS `probability_detail` from (`strategy_game`.`tb_game_tree_node` join `strategy_game`.`tb_strategy`) where (`strategy_game`.`tb_game_tree_node`.`strategy_id` = `strategy_game`.`tb_strategy`.`strategy_id`);


-- 导出 testshenlei 的数据库结构
DROP DATABASE IF EXISTS `testshenlei`;
CREATE DATABASE IF NOT EXISTS `testshenlei` /*!40100 DEFAULT CHARACTER SET utf8 */;
USE `testshenlei`;


-- 导出  表 testshenlei.edges 结构
DROP TABLE IF EXISTS `edges`;
CREATE TABLE IF NOT EXISTS `edges` (
  `id` int(11) DEFAULT NULL,
  `source` varchar(255) DEFAULT NULL,
  `target` varchar(255) DEFAULT NULL,
  `label` text,
  `weight` double DEFAULT '1',
  `gid` int(11) NOT NULL DEFAULT '-1'
) ENGINE=InnoDB DEFAULT CHARSET=utf8 AVG_ROW_LENGTH=712;

-- 正在导出表  testshenlei.edges 的数据：~120 rows (大约)
DELETE FROM `edges`;
/*!40000 ALTER TABLE `edges` DISABLE KEYS */;
INSERT INTO `edges` (`id`, `source`, `target`, `label`, `weight`, `gid`) VALUES
	(1, '1', '1', '1', 1, -1),
	(4, '2', '3', '1', 1, 3420),
	(6, '2', '5', '2', 2, 3420),
	(4, '2', '3', '', 1, 1223),
	(6, '3', '5', '概率值:0.3 ', 1, 1223),
	(8, '3', '7', '概率值:0.6', 1, 1223),
	(10, '3', '9', '概率值:0.1', 1, 1223),
	(12, '2', '11', '', 1, 1223),
	(14, '11', '13', '概率值:0.3 ', 1, 1223),
	(16, '11', '15', '概率值:0.6', 1, 1223),
	(18, '11', '17', '概率值:0.1', 1, 1223),
	(20, '2', '19', '', 1, 1223),
	(22, '19', '21', '概率值:0.3 ', 1, 1223),
	(24, '19', '23', '概率值:0.6', 1, 1223),
	(26, '19', '25', '概率值:0.1', 1, 1223),
	(4, '2', '3', '', 1, 5756),
	(6, '3', '5', '', 1, 5756),
	(8, '5', '7', '概率值:1', 1, 5756),
	(10, '5', '9', '概率值:1', 1, 5756),
	(12, '3', '11', '', 1, 5756),
	(14, '11', '13', '概率值:1', 1, 5756),
	(16, '11', '15', '概率值:1', 1, 5756),
	(18, '2', '17', '', 1, 5756),
	(20, '17', '19', '', 1, 5756),
	(22, '19', '21', '概率值:1', 1, 5756),
	(24, '19', '23', '概率值:1', 1, 5756),
	(26, '17', '25', '', 1, 5756),
	(28, '25', '27', '概率值:1', 1, 5756),
	(30, '25', '29', '概率值:1', 1, 5756),
	(4, '2', '3', 'RWERWER', 1, 5820),
	(6, '2', '5', 'WREW', 1, 5820),
	(4, '2', '3', 'rwerwer', 1, 7049),
	(6, '2', '5', 'werwerwerwe', 1, 7049),
	(4, '2', '3', '', 1, 5286),
	(6, '3', '5', '概率值:0.3 ', 1, 5286),
	(8, '3', '7', '概率值:0.6', 1, 5286),
	(10, '3', '9', '概率值:0.1', 1, 5286),
	(12, '2', '11', '', 1, 5286),
	(14, '11', '13', '概率值:0.3 ', 1, 5286),
	(16, '11', '15', '概率值:0.6', 1, 5286),
	(18, '11', '17', '概率值:0.1', 1, 5286),
	(20, '2', '19', '', 1, 5286),
	(22, '19', '21', '概率值:0.3 ', 1, 5286),
	(24, '19', '23', '概率值:0.6', 1, 5286),
	(26, '19', '25', '概率值:0.1', 1, 5286),
	(4, '2', '3', '', 1, 149),
	(6, '3', '5', '概率值:0.3 ', 1, 149),
	(8, '3', '7', '概率值:0.6', 1, 149),
	(10, '3', '9', '概率值:0.1', 1, 149),
	(12, '2', '11', '', 1, 149),
	(14, '11', '13', '概率值:0.3 ', 1, 149),
	(16, '11', '15', '概率值:0.6', 1, 149),
	(18, '11', '17', '概率值:0.1', 1, 149),
	(20, '2', '19', '', 1, 149),
	(22, '19', '21', '概率值:0.3 ', 1, 149),
	(24, '19', '23', '概率值:0.6', 1, 149),
	(26, '19', '25', '概率值:0.1', 1, 149),
	(4, '2', '3', '', 1, 2948),
	(6, '3', '5', '', 1, 2948),
	(8, '5', '7', '概率值:0.4 ', 1, 2948),
	(10, '5', '9', '概率值:0.6', 1, 2948),
	(12, '3', '11', '', 1, 2948),
	(14, '11', '13', '概率值:0.4 ', 1, 2948),
	(16, '11', '15', '概率值:0.6', 1, 2948),
	(18, '2', '17', '', 1, 2948),
	(20, '17', '19', '', 1, 2948),
	(22, '19', '21', '概率值:0.4 ', 1, 2948),
	(24, '19', '23', '概率值:0.6', 1, 2948),
	(26, '17', '25', '', 1, 2948),
	(28, '25', '27', '概率值:0.4 ', 1, 2948),
	(30, '25', '29', '概率值:0.6', 1, 2948),
	(4, '2', '3', '', 1, 1829),
	(6, '3', '5', '', 1, 1829),
	(8, '5', '7', '概率值:0.4 ', 1, 1829),
	(10, '5', '9', '概率值:0.6', 1, 1829),
	(12, '3', '11', '', 1, 1829),
	(14, '11', '13', '概率值:0.4 ', 1, 1829),
	(16, '11', '15', '概率值:0.6', 1, 1829),
	(18, '2', '17', '', 1, 1829),
	(20, '17', '19', '', 1, 1829),
	(22, '19', '21', '概率值:0.4 ', 1, 1829),
	(24, '19', '23', '概率值:0.6', 1, 1829),
	(26, '17', '25', '', 1, 1829),
	(28, '25', '27', '概率值:0.4 ', 1, 1829),
	(30, '25', '29', '概率值:0.6', 1, 1829),
	(4, '2', '3', 'Overcast', 1, 3928),
	(6, '2', '5', 'Rain', 1, 3928),
	(8, '5', '7', 'Strong', 1, 3928),
	(10, '5', '9', 'Weak', 1, 3928),
	(12, '2', '11', 'Sunny', 1, 3928),
	(14, '11', '13', 'High', 1, 3928),
	(16, '11', '15', 'Normal', 1, 3928),
	(4, '2', '3', 'Overcast', 1, 7454),
	(6, '2', '5', 'Rain', 1, 7454),
	(8, '5', '7', 'Strong', 1, 7454),
	(10, '5', '9', 'Weak', 1, 7454),
	(12, '2', '11', 'Sunny', 1, 7454),
	(14, '11', '13', 'High', 1, 7454),
	(16, '11', '15', 'Normal', 1, 7454),
	(4, '2', '3', 'Overcast', 1, 4727),
	(6, '2', '5', 'Rain', 1, 4727),
	(8, '5', '7', 'Strong', 1, 4727),
	(10, '5', '9', 'Weak', 1, 4727),
	(12, '2', '11', 'Sunny', 1, 4727),
	(14, '11', '13', 'High', 1, 4727),
	(16, '11', '15', 'Normal', 1, 4727),
	(4, '2', '3', 'Overcast', 1, 25),
	(6, '2', '5', 'Rain', 1, 25),
	(8, '5', '7', 'Strong', 1, 25),
	(10, '5', '9', 'Weak', 1, 25),
	(12, '2', '11', 'Sunny', 1, 25),
	(14, '11', '13', 'High', 1, 25),
	(16, '11', '15', 'Normal', 1, 25),
	(4, '2', '3', 'Overcast', 1, 4426),
	(6, '2', '5', 'Rain', 1, 4426),
	(8, '5', '7', 'Strong', 1, 4426),
	(10, '5', '9', 'Weak', 1, 4426),
	(12, '2', '11', 'Sunny', 1, 4426),
	(14, '11', '13', 'High', 1, 4426),
	(16, '11', '15', 'Normal', 1, 4426);
/*!40000 ALTER TABLE `edges` ENABLE KEYS */;


-- 导出  表 testshenlei.graphs 结构
DROP TABLE IF EXISTS `graphs`;
CREATE TABLE IF NOT EXISTS `graphs` (
  `id` int(11) NOT NULL,
  `name` varchar(255) DEFAULT NULL,
  `edgeFontSize` int(11) DEFAULT '18',
  `nodeFontSize` int(11) DEFAULT '26',
  `date` varchar(255) DEFAULT NULL,
  PRIMARY KEY (`id`)
) ENGINE=InnoDB DEFAULT CHARSET=utf8 AVG_ROW_LENGTH=5461;

-- 正在导出表  testshenlei.graphs 的数据：~14 rows (大约)
DELETE FROM `graphs`;
/*!40000 ALTER TABLE `graphs` DISABLE KEYS */;
INSERT INTO `graphs` (`id`, `name`, `edgeFontSize`, `nodeFontSize`, `date`) VALUES
	(25, '决策树（1）实例', 20, 20, NULL),
	(149, '轻工企业实例', 20, 20, NULL),
	(1223, '轻工企业实例231', 20, 20, NULL),
	(1829, '对某地实施开展决策', 20, 20, NULL),
	(2948, '对某地实施开展决策', 20, 20, NULL),
	(3420, '第三方士大夫', 20, 20, NULL),
	(3928, '决策树（1）实例', 20, 20, NULL),
	(4426, '决策树（1）实例', 20, 20, NULL),
	(4727, '决策树（1）实例', 20, 20, NULL),
	(5286, '轻工企业实例', 20, 20, NULL),
	(5756, 'hehes', 20, 20, NULL),
	(5820, 'qwer', 20, 20, NULL),
	(7049, 'zzzzzzzzzzzzz', 20, 20, NULL),
	(7454, '决策树（1）实例', 20, 20, NULL);
/*!40000 ALTER TABLE `graphs` ENABLE KEYS */;


-- 导出  表 testshenlei.nodes 结构
DROP TABLE IF EXISTS `nodes`;
CREATE TABLE IF NOT EXISTS `nodes` (
  `id` int(11) DEFAULT NULL,
  `label` text NOT NULL,
  `x` double DEFAULT NULL,
  `y` double DEFAULT NULL,
  `gid` int(11) NOT NULL DEFAULT '-1'
) ENGINE=InnoDB DEFAULT CHARSET=utf8 AVG_ROW_LENGTH=546;

-- 正在导出表  testshenlei.nodes 的数据：~134 rows (大约)
DELETE FROM `nodes`;
/*!40000 ALTER TABLE `nodes` DISABLE KEYS */;
INSERT INTO `nodes` (`id`, `label`, `x`, `y`, `gid`) VALUES
	(1, '1', 1, 1, -1),
	(2, 'H', 500, 40, 3420),
	(3, '5', 150, 160, 3420),
	(5, '6', 500, 160, 3420),
	(2, '轻工企业实例231', 100, 400, 1223),
	(3, '行动方案1', 300, 150, 1223),
	(5, '12.0', 550, 30, 1223),
	(7, '21.599999999999998', 550, 80, 1223),
	(9, '1.6', 550, 130, 1223),
	(11, '行动方案2', 300, 300, 1223),
	(13, '10.799999999999999', 550, 180, 1223),
	(15, '18.0', 550, 230, 1223),
	(17, '1.5', 550, 280, 1223),
	(19, '行动方案3', 300, 450, 1223),
	(21, '10.799999999999999', 550, 330, 1223),
	(23, '15.0', 550, 380, 1223),
	(25, '2.0', 550, 430, 1223),
	(2, 'hehes', 100, 400, 5756),
	(3, '行动方案1', 300, 120, 5756),
	(5, '子行动方案1', 600, 50, 5756),
	(7, '11.0', 850, 10, 5756),
	(9, '11.0', 850, 50, 5756),
	(11, '子行动方案2', 600, 80, 5756),
	(13, '1.0', 850, 90, 5756),
	(15, '1.0', 850, 130, 5756),
	(17, '行动方案2', 300, 240, 5756),
	(19, '子行动方案1', 600, 170, 5756),
	(21, '111.0', 850, 170, 5756),
	(23, '1.0', 850, 210, 5756),
	(25, '子行动方案2', 600, 200, 5756),
	(27, '1.0', 850, 250, 5756),
	(29, '11.0', 850, 290, 5756),
	(2, 'QWERQW', 500, 40, 5820),
	(3, 'RW', 150, 160, 5820),
	(5, 'WERWER', 500, 160, 5820),
	(2, 'rweqrwerwe', 500, 40, 7049),
	(3, 'werewewer', 150, 160, 7049),
	(5, 'rewr', 500, 160, 7049),
	(2, '轻工企业实例', 100, 400, 5286),
	(3, '大量生产', 300, 150, 5286),
	(5, '12.0', 550, 30, 5286),
	(7, '21.599999999999998', 550, 80, 5286),
	(9, '1.6', 550, 130, 5286),
	(11, '中量生产', 300, 300, 5286),
	(13, '10.799999999999999', 550, 180, 5286),
	(15, '18.0', 550, 230, 5286),
	(17, '1.5', 550, 280, 5286),
	(19, '小量生产', 300, 450, 5286),
	(21, '10.799999999999999', 550, 330, 5286),
	(23, '15.0', 550, 380, 5286),
	(25, '2.0', 550, 430, 5286),
	(2, '轻工企业实例', 100, 400, 149),
	(3, '大量生产', 300, 150, 149),
	(5, '12.0', 550, 30, 149),
	(7, '21.599999999999998', 550, 80, 149),
	(9, '1.6', 550, 130, 149),
	(11, '中量生产', 300, 300, 149),
	(13, '10.799999999999999', 550, 180, 149),
	(15, '18.0', 550, 230, 149),
	(17, '1.5', 550, 280, 149),
	(19, '小量生产', 300, 450, 149),
	(21, '10.799999999999999', 550, 330, 149),
	(23, '15.0', 550, 380, 149),
	(25, '2.0', 550, 430, 149),
	(2, '对某地实施开展决策', 100, 400, 2948),
	(3, '从A1点出战', 300, 120, 2948),
	(5, '使用武器B1', 600, 50, 2948),
	(7, '2.0', 850, 10, 2948),
	(9, '24.0', 850, 50, 2948),
	(11, '使用武器B2', 600, 80, 2948),
	(13, '3.2', 850, 90, 2948),
	(15, '24.6', 850, 130, 2948),
	(17, '从A2点出战', 300, 240, 2948),
	(19, '使用武器B1', 600, 170, 2948),
	(21, '0.4', 850, 170, 2948),
	(23, '18.0', 850, 210, 2948),
	(25, '使用武器B2', 600, 200, 2948),
	(27, '2.4', 850, 250, 2948),
	(29, '30.0', 850, 290, 2948),
	(2, '对某地实施开展决策', 100, 400, 1829),
	(3, '从A1点出战', 300, 120, 1829),
	(5, '使用武器B1', 600, 50, 1829),
	(7, '2.0', 850, 10, 1829),
	(9, '24.0', 850, 50, 1829),
	(11, '使用武器B2', 600, 80, 1829),
	(13, '3.2', 850, 90, 1829),
	(15, '24.6', 850, 130, 1829),
	(17, '从A2点出战', 300, 240, 1829),
	(19, '使用武器B1', 600, 170, 1829),
	(21, '0.4', 850, 170, 1829),
	(23, '18.0', 850, 210, 1829),
	(25, '使用武器B2', 600, 200, 1829),
	(27, '2.4', 850, 250, 1829),
	(29, '30.0', 850, 290, 1829),
	(2, '天气', 600, 40, 3928),
	(3, 'Yes', 280, 140, 3928),
	(5, '风力', 380, 140, 3928),
	(7, 'No', 230, 240, 3928),
	(9, 'Yes', 380, 240, 3928),
	(11, '湿度电磁干扰', 480, 140, 3928),
	(13, 'No', 330, 240, 3928),
	(15, 'Yes', 480, 240, 3928),
	(2, '天气', 600, 40, 7454),
	(3, 'Yes', 280, 140, 7454),
	(5, '风力', 380, 140, 7454),
	(7, 'No', 230, 240, 7454),
	(9, 'Yes', 380, 240, 7454),
	(11, '湿度电磁干扰', 480, 140, 7454),
	(13, 'No', 330, 240, 7454),
	(15, 'Yes', 480, 240, 7454),
	(2, '天气', 600, 40, 4727),
	(3, 'Yes', 280, 140, 4727),
	(5, '风力', 380, 140, 4727),
	(7, 'No', 230, 240, 4727),
	(9, 'Yes', 380, 240, 4727),
	(11, '湿度电磁干扰', 480, 140, 4727),
	(13, 'No', 330, 240, 4727),
	(15, 'Yes', 480, 240, 4727),
	(2, '天气', 600, 40, 25),
	(3, 'Yes', 280, 140, 25),
	(5, '风力', 380, 140, 25),
	(7, 'No', 230, 240, 25),
	(9, 'Yes', 380, 240, 25),
	(11, '湿度电磁干扰', 480, 140, 25),
	(13, 'No', 330, 240, 25),
	(15, 'Yes', 480, 240, 25),
	(2, '天气', 600, 40, 4426),
	(3, 'Yes', 256, 93, 4426),
	(5, '风力', 380, 140, 4426),
	(7, 'No', 230, 240, 4426),
	(9, 'Yes', 380, 240, 4426),
	(11, '湿度电磁干扰', 693, 183, 4426),
	(13, 'No', 471, 343, 4426),
	(15, 'Yes', 656, 293, 4426);
/*!40000 ALTER TABLE `nodes` ENABLE KEYS */;


-- 导出 zhanlue 的数据库结构
DROP DATABASE IF EXISTS `zhanlue`;
CREATE DATABASE IF NOT EXISTS `zhanlue` /*!40100 DEFAULT CHARACTER SET utf8 */;
USE `zhanlue`;


-- 导出  表 zhanlue.ideavalue_table 结构
DROP TABLE IF EXISTS `ideavalue_table`;
CREATE TABLE IF NOT EXISTS `ideavalue_table` (
  `id` varchar(255) DEFAULT NULL,
  `row` varchar(255) DEFAULT NULL,
  `ideaDescription` varchar(255) DEFAULT NULL,
  `ideaValue` varchar(255) DEFAULT NULL
) ENGINE=InnoDB DEFAULT CHARSET=utf8;

-- 正在导出表  zhanlue.ideavalue_table 的数据：~513 rows (大约)
DELETE FROM `ideavalue_table`;
/*!40000 ALTER TABLE `ideavalue_table` DISABLE KEYS */;
INSERT INTO `ideavalue_table` (`id`, `row`, `ideaDescription`, `ideaValue`) VALUES
	('8857', '1', '天气', 'Sunny'),
	('8857', '1', '湿度', 'large'),
	('8857', '1', '湿度电磁干扰', 'High'),
	('8857', '1', '风力', 'Weak'),
	('8857', '1', '是否发射', 'No'),
	('8857', '2', '天气', 'Sunny'),
	('8857', '2', '湿度', 'large'),
	('8857', '2', '湿度电磁干扰', 'High'),
	('8857', '2', '风力', 'Strong'),
	('8857', '2', '是否发射', 'No'),
	('8857', '3', '天气', 'Overcast'),
	('8857', '3', '湿度', 'large'),
	('8857', '3', '湿度电磁干扰', 'High'),
	('8857', '3', '风力', 'Weak'),
	('8857', '3', '是否发射', 'Yes'),
	('8857', '4', '天气', 'Rain'),
	('8857', '4', '湿度', 'Mild'),
	('8857', '4', '湿度电磁干扰', 'High'),
	('8857', '4', '风力', 'Weak'),
	('8857', '4', '是否发射', 'Yes'),
	('8857', '5', '天气', 'Rain'),
	('8857', '5', '湿度', 'small'),
	('8857', '5', '湿度电磁干扰', 'Normal'),
	('8857', '5', '风力', 'Weak'),
	('8857', '5', '是否发射', 'Yes'),
	('8857', '6', '天气', 'Rain'),
	('8857', '6', '湿度', 'small'),
	('8857', '6', '湿度电磁干扰', 'Normal'),
	('8857', '6', '风力', 'Strong'),
	('8857', '6', '是否发射', 'No'),
	('8857', '7', '天气', 'Overcast'),
	('8857', '7', '湿度', 'small'),
	('8857', '7', '湿度电磁干扰', 'Normal'),
	('8857', '7', '风力', 'Strong'),
	('8857', '7', '是否发射', 'Yes'),
	('8857', '8', '天气', 'Sunny'),
	('8857', '8', '湿度', 'Mild'),
	('8857', '8', '湿度电磁干扰', 'High'),
	('8857', '8', '风力', 'Weak'),
	('8857', '8', '是否发射', 'No'),
	('8857', '9', '天气', 'Sunny'),
	('8857', '9', '湿度', 'small'),
	('8857', '9', '湿度电磁干扰', 'Normal'),
	('8857', '9', '风力', 'Weak'),
	('8857', '9', '是否发射', 'Yes'),
	('8857', '10', '天气', 'Rain'),
	('8857', '10', '湿度', 'Mild'),
	('8857', '10', '湿度电磁干扰', 'Normal'),
	('8857', '10', '风力', 'Weak'),
	('8857', '10', '是否发射', 'Yes'),
	('8857', '11', '天气', 'Sunny'),
	('8857', '11', '湿度', 'Mild'),
	('8857', '11', '湿度电磁干扰', 'Normal'),
	('8857', '11', '风力', 'Strong'),
	('8857', '11', '是否发射', 'Yes'),
	('8857', '12', '天气', 'Overcast'),
	('8857', '12', '湿度', 'Mild'),
	('8857', '12', '湿度电磁干扰', 'High'),
	('8857', '12', '风力', 'Strong'),
	('8857', '12', '是否发射', 'Yes'),
	('8857', '13', '天气', 'Overcast'),
	('8857', '13', '湿度', 'large'),
	('8857', '13', '湿度电磁干扰', 'Normal'),
	('8857', '13', '风力', 'Weak'),
	('8857', '13', '是否发射', 'Yes'),
	('8857', '14', '天气', 'Rain'),
	('8857', '14', '湿度', 'Mild'),
	('8857', '14', '湿度电磁干扰', 'High'),
	('8857', '14', '风力', 'Strong'),
	('8857', '14', '是否发射', 'No'),
	('3928', '1', '天气', 'Sunny'),
	('3928', '1', '湿度', 'large'),
	('3928', '1', '湿度电磁干扰', 'High'),
	('3928', '1', '风力', 'Weak'),
	('3928', '1', '是否发射', 'No'),
	('3928', '2', '天气', 'Sunny'),
	('3928', '2', '湿度', 'large'),
	('3928', '2', '湿度电磁干扰', 'High'),
	('3928', '2', '风力', 'Strong'),
	('3928', '2', '是否发射', 'No'),
	('3928', '3', '天气', 'Overcast'),
	('3928', '3', '湿度', 'large'),
	('3928', '3', '湿度电磁干扰', 'High'),
	('3928', '3', '风力', 'Weak'),
	('3928', '3', '是否发射', 'Yes'),
	('3928', '4', '天气', 'Rain'),
	('3928', '4', '湿度', 'Mild'),
	('3928', '4', '湿度电磁干扰', 'High'),
	('3928', '4', '风力', 'Weak'),
	('3928', '4', '是否发射', 'Yes'),
	('3928', '5', '天气', 'Rain'),
	('3928', '5', '湿度', 'small'),
	('3928', '5', '湿度电磁干扰', 'Normal'),
	('3928', '5', '风力', 'Weak'),
	('3928', '5', '是否发射', 'Yes'),
	('3928', '6', '天气', 'Rain'),
	('3928', '6', '湿度', 'small'),
	('3928', '6', '湿度电磁干扰', 'Normal'),
	('3928', '6', '风力', 'Strong'),
	('3928', '6', '是否发射', 'No'),
	('3928', '7', '天气', 'Overcast'),
	('3928', '7', '湿度', 'small'),
	('3928', '7', '湿度电磁干扰', 'Normal'),
	('3928', '7', '风力', 'Strong'),
	('3928', '7', '是否发射', 'Yes'),
	('3928', '8', '天气', 'Sunny'),
	('3928', '8', '湿度', 'Mild'),
	('3928', '8', '湿度电磁干扰', 'High'),
	('3928', '8', '风力', 'Weak'),
	('3928', '8', '是否发射', 'No'),
	('3928', '9', '天气', 'Sunny'),
	('3928', '9', '湿度', 'small'),
	('3928', '9', '湿度电磁干扰', 'Normal'),
	('3928', '9', '风力', 'Weak'),
	('3928', '9', '是否发射', 'Yes'),
	('3928', '10', '天气', 'Rain'),
	('3928', '10', '湿度', 'Mild'),
	('3928', '10', '湿度电磁干扰', 'Normal'),
	('3928', '10', '风力', 'Weak'),
	('3928', '10', '是否发射', 'Yes'),
	('3928', '11', '天气', 'Sunny'),
	('3928', '11', '湿度', 'Mild'),
	('3928', '11', '湿度电磁干扰', 'Normal'),
	('3928', '11', '风力', 'Strong'),
	('3928', '11', '是否发射', 'Yes'),
	('3928', '12', '天气', 'Overcast'),
	('3928', '12', '湿度', 'Mild'),
	('3928', '12', '湿度电磁干扰', 'High'),
	('3928', '12', '风力', 'Strong'),
	('3928', '12', '是否发射', 'Yes'),
	('3928', '13', '天气', 'Overcast'),
	('3928', '13', '湿度', 'large'),
	('3928', '13', '湿度电磁干扰', 'Normal'),
	('3928', '13', '风力', 'Weak'),
	('3928', '13', '是否发射', 'Yes'),
	('3928', '14', '天气', 'Rain'),
	('3928', '14', '湿度', 'Mild'),
	('3928', '14', '湿度电磁干扰', 'High'),
	('3928', '14', '风力', 'Strong'),
	('3928', '14', '是否发射', 'No'),
	('6810', '1', '天气', 'Sunny'),
	('6810', '1', '湿度', 'large'),
	('6810', '1', '湿度电磁干扰', 'High'),
	('6810', '1', '风力', 'Weak'),
	('6810', '1', '是否发射', 'No'),
	('6810', '2', '天气', 'Sunny'),
	('6810', '2', '湿度', 'large'),
	('6810', '2', '湿度电磁干扰', 'High'),
	('6810', '2', '风力', 'Strong'),
	('6810', '2', '是否发射', 'No'),
	('6810', '3', '天气', 'Overcast'),
	('6810', '3', '湿度', 'large'),
	('6810', '3', '湿度电磁干扰', 'High'),
	('6810', '3', '风力', 'Weak'),
	('6810', '3', '是否发射', 'Yes'),
	('6810', '4', '天气', 'Rain'),
	('6810', '4', '湿度', 'Mild'),
	('6810', '4', '湿度电磁干扰', 'High'),
	('6810', '4', '风力', 'Weak'),
	('6810', '4', '是否发射', 'Yes'),
	('6810', '5', '天气', 'Rain'),
	('6810', '5', '湿度', 'small'),
	('6810', '5', '湿度电磁干扰', 'Normal'),
	('6810', '5', '风力', 'Weak'),
	('6810', '5', '是否发射', 'Yes'),
	('6810', '6', '天气', 'Rain'),
	('6810', '6', '湿度', 'small'),
	('6810', '6', '湿度电磁干扰', 'Normal'),
	('6810', '6', '风力', 'Strong'),
	('6810', '6', '是否发射', 'No'),
	('6810', '7', '天气', 'Overcast'),
	('6810', '7', '湿度', 'small'),
	('6810', '7', '湿度电磁干扰', 'Normal'),
	('6810', '7', '风力', 'Strong'),
	('6810', '7', '是否发射', 'Yes'),
	('6810', '8', '天气', 'Sunny'),
	('6810', '8', '湿度', 'Mild'),
	('6810', '8', '湿度电磁干扰', 'High'),
	('6810', '8', '风力', 'Weak'),
	('6810', '8', '是否发射', 'No'),
	('6810', '9', '天气', 'Sunny'),
	('6810', '9', '湿度', 'small'),
	('6810', '9', '湿度电磁干扰', 'Normal'),
	('6810', '9', '风力', 'Weak'),
	('6810', '9', '是否发射', 'Yes'),
	('6810', '10', '天气', 'Rain'),
	('6810', '10', '湿度', 'Mild'),
	('6810', '10', '湿度电磁干扰', 'Normal'),
	('6810', '10', '风力', 'Weak'),
	('6810', '10', '是否发射', 'Yes'),
	('6810', '11', '天气', 'Sunny'),
	('6810', '11', '湿度', 'Mild'),
	('6810', '11', '湿度电磁干扰', 'Normal'),
	('6810', '11', '风力', 'Strong'),
	('6810', '11', '是否发射', 'Yes'),
	('6810', '12', '天气', 'Overcast'),
	('6810', '12', '湿度', 'Mild'),
	('6810', '12', '湿度电磁干扰', 'High'),
	('6810', '12', '风力', 'Strong'),
	('6810', '12', '是否发射', 'Yes'),
	('6810', '13', '天气', 'Overcast'),
	('6810', '13', '湿度', 'large'),
	('6810', '13', '湿度电磁干扰', 'Normal'),
	('6810', '13', '风力', 'Weak'),
	('6810', '13', '是否发射', 'Yes'),
	('6810', '14', '天气', 'Rain'),
	('6810', '14', '湿度', 'Mild'),
	('6810', '14', '湿度电磁干扰', 'High'),
	('6810', '14', '风力', 'Strong'),
	('6810', '14', '是否发射', 'No'),
	('7204', '1', '天气', 'Sunny'),
	('7204', '1', '湿度', 'large'),
	('7204', '1', '湿度电磁干扰', 'High'),
	('7204', '1', '风力', 'Weak'),
	('7204', '1', '是否发射', 'No'),
	('7204', '2', '天气', 'Sunny'),
	('7204', '2', '湿度', 'large'),
	('7204', '2', '湿度电磁干扰', 'High'),
	('7204', '2', '风力', 'Strong'),
	('7204', '2', '是否发射', 'No'),
	('7204', '3', '天气', 'Overcast'),
	('7204', '3', '湿度', 'large'),
	('7204', '3', '湿度电磁干扰', 'High'),
	('7204', '3', '风力', 'Weak'),
	('7204', '3', '是否发射', 'Yes'),
	('7204', '4', '天气', 'Rain'),
	('7204', '4', '湿度', 'Mild'),
	('7204', '4', '湿度电磁干扰', 'High'),
	('7204', '4', '风力', 'Weak'),
	('7204', '4', '是否发射', 'Yes'),
	('7204', '5', '天气', 'Rain'),
	('7204', '5', '湿度', 'small'),
	('7204', '5', '湿度电磁干扰', 'Normal'),
	('7204', '5', '风力', 'Weak'),
	('7204', '5', '是否发射', 'Yes'),
	('7204', '6', '天气', 'Rain'),
	('7204', '6', '湿度', 'small'),
	('7204', '6', '湿度电磁干扰', 'Normal'),
	('7204', '6', '风力', 'Strong'),
	('7204', '6', '是否发射', 'No'),
	('7204', '7', '天气', 'Overcast'),
	('7204', '7', '湿度', 'small'),
	('7204', '7', '湿度电磁干扰', 'Normal'),
	('7204', '7', '风力', 'Strong'),
	('7204', '7', '是否发射', 'Yes'),
	('7204', '8', '天气', 'Sunny'),
	('7204', '8', '湿度', 'Mild'),
	('7204', '8', '湿度电磁干扰', 'High'),
	('7204', '8', '风力', 'Weak'),
	('7204', '8', '是否发射', 'No'),
	('7204', '9', '天气', 'Sunny'),
	('7204', '9', '湿度', 'small'),
	('7204', '9', '湿度电磁干扰', 'Normal'),
	('7204', '9', '风力', 'Weak'),
	('7204', '9', '是否发射', 'Yes'),
	('7204', '10', '天气', 'Rain'),
	('7204', '10', '湿度', 'Mild'),
	('7204', '10', '湿度电磁干扰', 'Normal'),
	('7204', '10', '风力', 'Weak'),
	('7204', '10', '是否发射', 'Yes'),
	('7204', '11', '天气', 'Sunny'),
	('7204', '11', '湿度', 'Mild'),
	('7204', '11', '湿度电磁干扰', 'Normal'),
	('7204', '11', '风力', 'Strong'),
	('7204', '11', '是否发射', 'Yes'),
	('7204', '12', '天气', 'Overcast'),
	('7204', '12', '湿度', 'Mild'),
	('7204', '12', '湿度电磁干扰', 'High'),
	('7204', '12', '风力', 'Strong'),
	('7204', '12', '是否发射', 'Yes'),
	('7204', '13', '天气', 'Overcast'),
	('7204', '13', '湿度', 'large'),
	('7204', '13', '湿度电磁干扰', 'Normal'),
	('7204', '13', '风力', 'Weak'),
	('7204', '13', '是否发射', 'Yes'),
	('7204', '14', '天气', 'Rain'),
	('7204', '14', '湿度', 'Mild'),
	('7204', '14', '湿度电磁干扰', 'High'),
	('7204', '14', '风力', 'Strong'),
	('7204', '14', '是否发射', 'No'),
	('1048', '1', '(请输入属性1名称)', 'null'),
	('1048', '1', '(请输入属性2名称)', 'null'),
	('1048', '1', '(请输入结果名称)', 'null'),
	('1048', '2', '(请输入属性1名称)', 'null'),
	('1048', '2', '(请输入属性2名称)', 'null'),
	('1048', '2', '(请输入结果名称)', 'null'),
	('7454', '1', '天气', 'Sunny'),
	('7454', '1', '湿度', 'large'),
	('7454', '1', '湿度电磁干扰', 'High'),
	('7454', '1', '风力', 'Weak'),
	('7454', '1', '是否发射', 'No'),
	('7454', '2', '天气', 'Sunny'),
	('7454', '2', '湿度', 'large'),
	('7454', '2', '湿度电磁干扰', 'High'),
	('7454', '2', '风力', 'Strong'),
	('7454', '2', '是否发射', 'No'),
	('7454', '3', '天气', 'Overcast'),
	('7454', '3', '湿度', 'large'),
	('7454', '3', '湿度电磁干扰', 'High'),
	('7454', '3', '风力', 'Weak'),
	('7454', '3', '是否发射', 'Yes'),
	('7454', '4', '天气', 'Rain'),
	('7454', '4', '湿度', 'Mild'),
	('7454', '4', '湿度电磁干扰', 'High'),
	('7454', '4', '风力', 'Weak'),
	('7454', '4', '是否发射', 'Yes'),
	('7454', '5', '天气', 'Rain'),
	('7454', '5', '湿度', 'small'),
	('7454', '5', '湿度电磁干扰', 'Normal'),
	('7454', '5', '风力', 'Weak'),
	('7454', '5', '是否发射', 'Yes'),
	('7454', '6', '天气', 'Rain'),
	('7454', '6', '湿度', 'small'),
	('7454', '6', '湿度电磁干扰', 'Normal'),
	('7454', '6', '风力', 'Strong'),
	('7454', '6', '是否发射', 'No'),
	('7454', '7', '天气', 'Overcast'),
	('7454', '7', '湿度', 'small'),
	('7454', '7', '湿度电磁干扰', 'Normal'),
	('7454', '7', '风力', 'Strong'),
	('7454', '7', '是否发射', 'Yes'),
	('7454', '8', '天气', 'Sunny'),
	('7454', '8', '湿度', 'Mild'),
	('7454', '8', '湿度电磁干扰', 'High'),
	('7454', '8', '风力', 'Weak'),
	('7454', '8', '是否发射', 'No'),
	('7454', '9', '天气', 'Sunny'),
	('7454', '9', '湿度', 'small'),
	('7454', '9', '湿度电磁干扰', 'Normal'),
	('7454', '9', '风力', 'Weak'),
	('7454', '9', '是否发射', 'Yes'),
	('7454', '10', '天气', 'Rain'),
	('7454', '10', '湿度', 'Mild'),
	('7454', '10', '湿度电磁干扰', 'Normal'),
	('7454', '10', '风力', 'Weak'),
	('7454', '10', '是否发射', 'Yes'),
	('7454', '11', '天气', 'Sunny'),
	('7454', '11', '湿度', 'Mild'),
	('7454', '11', '湿度电磁干扰', 'Normal'),
	('7454', '11', '风力', 'Strong'),
	('7454', '11', '是否发射', 'Yes'),
	('7454', '12', '天气', 'Overcast'),
	('7454', '12', '湿度', 'Mild'),
	('7454', '12', '湿度电磁干扰', 'High'),
	('7454', '12', '风力', 'Strong'),
	('7454', '12', '是否发射', 'Yes'),
	('7454', '13', '天气', 'Overcast'),
	('7454', '13', '湿度', 'large'),
	('7454', '13', '湿度电磁干扰', 'Normal'),
	('7454', '13', '风力', 'Weak'),
	('7454', '13', '是否发射', 'Yes'),
	('7454', '14', '天气', 'Rain'),
	('7454', '14', '湿度', 'Mild'),
	('7454', '14', '湿度电磁干扰', 'High'),
	('7454', '14', '风力', 'Strong'),
	('7454', '14', '是否发射', 'No'),
	('4727', '1', '天气', 'Sunny'),
	('4727', '1', '湿度', 'large'),
	('4727', '1', '湿度电磁干扰', 'High'),
	('4727', '1', '风力', 'Weak'),
	('4727', '1', '是否发射', 'No'),
	('4727', '2', '天气', 'Sunny'),
	('4727', '2', '湿度', 'large'),
	('4727', '2', '湿度电磁干扰', 'High'),
	('4727', '2', '风力', 'Strong'),
	('4727', '2', '是否发射', 'No'),
	('4727', '3', '天气', 'Overcast'),
	('4727', '3', '湿度', 'large'),
	('4727', '3', '湿度电磁干扰', 'High'),
	('4727', '3', '风力', 'Weak'),
	('4727', '3', '是否发射', 'Yes'),
	('4727', '4', '天气', 'Rain'),
	('4727', '4', '湿度', 'Mild'),
	('4727', '4', '湿度电磁干扰', 'High'),
	('4727', '4', '风力', 'Weak'),
	('4727', '4', '是否发射', 'Yes'),
	('4727', '5', '天气', 'Rain'),
	('4727', '5', '湿度', 'small'),
	('4727', '5', '湿度电磁干扰', 'Normal'),
	('4727', '5', '风力', 'Weak'),
	('4727', '5', '是否发射', 'Yes'),
	('4727', '6', '天气', 'Rain'),
	('4727', '6', '湿度', 'small'),
	('4727', '6', '湿度电磁干扰', 'Normal'),
	('4727', '6', '风力', 'Strong'),
	('4727', '6', '是否发射', 'No'),
	('4727', '7', '天气', 'Overcast'),
	('4727', '7', '湿度', 'small'),
	('4727', '7', '湿度电磁干扰', 'Normal'),
	('4727', '7', '风力', 'Strong'),
	('4727', '7', '是否发射', 'Yes'),
	('4727', '8', '天气', 'Sunny'),
	('4727', '8', '湿度', 'Mild'),
	('4727', '8', '湿度电磁干扰', 'High'),
	('4727', '8', '风力', 'Weak'),
	('4727', '8', '是否发射', 'No'),
	('4727', '9', '天气', 'Sunny'),
	('4727', '9', '湿度', 'small'),
	('4727', '9', '湿度电磁干扰', 'Normal'),
	('4727', '9', '风力', 'Weak'),
	('4727', '9', '是否发射', 'Yes'),
	('4727', '10', '天气', 'Rain'),
	('4727', '10', '湿度', 'Mild'),
	('4727', '10', '湿度电磁干扰', 'Normal'),
	('4727', '10', '风力', 'Weak'),
	('4727', '10', '是否发射', 'Yes'),
	('4727', '11', '天气', 'Sunny'),
	('4727', '11', '湿度', 'Mild'),
	('4727', '11', '湿度电磁干扰', 'Normal'),
	('4727', '11', '风力', 'Strong'),
	('4727', '11', '是否发射', 'Yes'),
	('4727', '12', '天气', 'Overcast'),
	('4727', '12', '湿度', 'Mild'),
	('4727', '12', '湿度电磁干扰', 'High'),
	('4727', '12', '风力', 'Strong'),
	('4727', '12', '是否发射', 'Yes'),
	('4727', '13', '天气', 'Overcast'),
	('4727', '13', '湿度', 'large'),
	('4727', '13', '湿度电磁干扰', 'Normal'),
	('4727', '13', '风力', 'Weak'),
	('4727', '13', '是否发射', 'Yes'),
	('4727', '14', '天气', 'Rain'),
	('4727', '14', '湿度', 'Mild'),
	('4727', '14', '湿度电磁干扰', 'High'),
	('4727', '14', '风力', 'Strong'),
	('4727', '14', '是否发射', 'No'),
	('4426', '1', '天气', 'Sunny'),
	('4426', '1', '湿度', 'large'),
	('4426', '1', '湿度电磁干扰', 'High'),
	('4426', '1', '风力', 'Weak'),
	('4426', '1', '是否发射', 'No'),
	('4426', '2', '天气', 'Sunny'),
	('4426', '2', '湿度', 'large'),
	('4426', '2', '湿度电磁干扰', 'High'),
	('4426', '2', '风力', 'Strong'),
	('4426', '2', '是否发射', 'No'),
	('4426', '3', '天气', 'Overcast'),
	('4426', '3', '湿度', 'large'),
	('4426', '3', '湿度电磁干扰', 'High'),
	('4426', '3', '风力', 'Weak'),
	('4426', '3', '是否发射', 'Yes'),
	('4426', '4', '天气', 'Rain'),
	('4426', '4', '湿度', 'Mild'),
	('4426', '4', '湿度电磁干扰', 'High'),
	('4426', '4', '风力', 'Weak'),
	('4426', '4', '是否发射', 'Yes'),
	('4426', '5', '天气', 'Rain'),
	('4426', '5', '湿度', 'small'),
	('4426', '5', '湿度电磁干扰', 'Normal'),
	('4426', '5', '风力', 'Weak'),
	('4426', '5', '是否发射', 'Yes'),
	('4426', '6', '天气', 'Rain'),
	('4426', '6', '湿度', 'small'),
	('4426', '6', '湿度电磁干扰', 'Normal'),
	('4426', '6', '风力', 'Strong'),
	('4426', '6', '是否发射', 'No'),
	('4426', '7', '天气', 'Overcast'),
	('4426', '7', '湿度', 'small'),
	('4426', '7', '湿度电磁干扰', 'Normal'),
	('4426', '7', '风力', 'Strong'),
	('4426', '7', '是否发射', 'Yes'),
	('4426', '8', '天气', 'Sunny'),
	('4426', '8', '湿度', 'Mild'),
	('4426', '8', '湿度电磁干扰', 'High'),
	('4426', '8', '风力', 'Weak'),
	('4426', '8', '是否发射', 'No'),
	('4426', '9', '天气', 'Sunny'),
	('4426', '9', '湿度', 'small'),
	('4426', '9', '湿度电磁干扰', 'Normal'),
	('4426', '9', '风力', 'Weak'),
	('4426', '9', '是否发射', 'Yes'),
	('4426', '10', '天气', 'Rain'),
	('4426', '10', '湿度', 'Mild'),
	('4426', '10', '湿度电磁干扰', 'Normal'),
	('4426', '10', '风力', 'Weak'),
	('4426', '10', '是否发射', 'Yes'),
	('4426', '11', '天气', 'Sunny'),
	('4426', '11', '湿度', 'Mild'),
	('4426', '11', '湿度电磁干扰', 'Normal'),
	('4426', '11', '风力', 'Strong'),
	('4426', '11', '是否发射', 'Yes'),
	('4426', '12', '天气', 'Overcast'),
	('4426', '12', '湿度', 'Mild'),
	('4426', '12', '湿度电磁干扰', 'High'),
	('4426', '12', '风力', 'Strong'),
	('4426', '12', '是否发射', 'Yes'),
	('4426', '13', '天气', 'Overcast'),
	('4426', '13', '湿度', 'large'),
	('4426', '13', '湿度电磁干扰', 'Normal'),
	('4426', '13', '风力', 'Weak'),
	('4426', '13', '是否发射', 'Yes'),
	('4426', '14', '天气', 'Rain'),
	('4426', '14', '湿度', 'Mild'),
	('4426', '14', '湿度电磁干扰', 'High'),
	('4426', '14', '风力', 'Strong'),
	('4426', '14', '是否发射', 'No');
/*!40000 ALTER TABLE `ideavalue_table` ENABLE KEYS */;


-- 导出  表 zhanlue.idea_table 结构
DROP TABLE IF EXISTS `idea_table`;
CREATE TABLE IF NOT EXISTS `idea_table` (
  `id` varchar(255) DEFAULT NULL,
  `ideaNum` varchar(255) DEFAULT NULL,
  `ideaDescription` varchar(255) DEFAULT NULL
) ENGINE=InnoDB DEFAULT CHARSET=utf8;

-- 正在导出表  zhanlue.idea_table 的数据：~42 rows (大约)
DELETE FROM `idea_table`;
/*!40000 ALTER TABLE `idea_table` DISABLE KEYS */;
INSERT INTO `idea_table` (`id`, `ideaNum`, `ideaDescription`) VALUES
	('8857', '1', '天气'),
	('8857', '2', '湿度'),
	('8857', '3', '湿度电磁干扰'),
	('8857', '4', '风力'),
	('3928', '1', '天气'),
	('3928', '2', '湿度'),
	('3928', '3', '湿度电磁干扰'),
	('3928', '4', '风力'),
	('6810', '1', '天气'),
	('6810', '2', '湿度'),
	('6810', '3', '湿度电磁干扰'),
	('6810', '4', '风力'),
	('7204', '1', '天气'),
	('7204', '2', '湿度'),
	('7204', '3', '湿度电磁干扰'),
	('7204', '4', '风力'),
	('1048', '1', '(请输入属性1名称)'),
	('1048', '2', '(请输入属性2名称)'),
	('7454', '1', '天气'),
	('7454', '2', '湿度'),
	('7454', '3', '湿度电磁干扰'),
	('7454', '4', '风力'),
	('4727', '1', '天气'),
	('4727', '2', '湿度'),
	('4727', '3', '湿度电磁干扰'),
	('4727', '4', '风力'),
	('4959', '1', '天气'),
	('4959', '2', '湿度'),
	('4959', '3', '湿度电磁干扰'),
	('4959', '4', '风力'),
	('8770', '1', '天气'),
	('8770', '2', '湿度'),
	('8770', '3', '湿度电磁干扰'),
	('8770', '4', '风力'),
	('4426', '1', '天气'),
	('4426', '2', '湿度'),
	('4426', '3', '湿度电磁干扰'),
	('4426', '4', '风力');
/*!40000 ALTER TABLE `idea_table` ENABLE KEYS */;


-- 导出  表 zhanlue.topic_table 结构
DROP TABLE IF EXISTS `topic_table`;
CREATE TABLE IF NOT EXISTS `topic_table` (
  `id` varchar(255) DEFAULT NULL,
  `topicName` varchar(255) DEFAULT NULL,
  `ideaCount` varchar(255) DEFAULT NULL,
  `schemeName` varchar(255) DEFAULT NULL,
  `rowCount` varchar(255) DEFAULT NULL,
  `result` text,
  `date` varchar(255) DEFAULT NULL
) ENGINE=InnoDB DEFAULT CHARSET=utf8;

-- 正在导出表  zhanlue.topic_table 的数据：~18 rows (大约)
DELETE FROM `topic_table`;
/*!40000 ALTER TABLE `topic_table` DISABLE KEYS */;
INSERT INTO `topic_table` (`id`, `topicName`, `ideaCount`, `schemeName`, `rowCount`, `result`, `date`) VALUES
	('8857', '决策树（1）实例', '4', '根据条件判断导弹是否发射', '14', NULL, '2016-07-05 20:41:10'),
	('3928', '决策树（1）实例', '4', '根据条件判断导弹是否发射', '14', ' 根节点 :天气\r\n添加了节点天气:分裂属性 Overcast\r\n【属性Overcast】==>Yes\r\n添加了节点天气:分裂属性 Rain\r\n【属性Rain】==>风力\r\n添加了节点风力:分裂属性 Strong\r\n【属性Strong】==>No\r\n添加了节点风力:分裂属性 Weak\r\n【属性Weak】==>Yes\r\n添加了节点天气:分裂属性 Sunny\r\n【属性Sunny】==>湿度电磁干扰\r\n添加了节点湿度电磁干扰:分裂属性 High\r\n【属性High】==>No\r\n添加了节点湿度电磁干扰:分裂属性 Normal\r\n【属性Normal】==>Yes\r\n', '2016-07-05 20:42:41'),
	('6810', '决策树（1）实例', '4', '根据条件判断导弹是否发射', '14', NULL, '2016-07-05 20:43:17'),
	('7204', '决策树（1）实例', '4', '根据条件判断导弹是否发射', '14', '人玩儿玩儿玩儿玩儿玩儿玩儿玩儿额', '2016-07-05 20:43:27'),
	(NULL, '大声道', '认为', '二位', '为二位二位人', NULL, '发送到发送到'),
	(NULL, ' 撒旦法', '认为', '人情味儿', '玩儿', NULL, '发生地方发生的'),
	(NULL, '是的撒旦法的', '问问 ', '二位二位', '玩玩儿', NULL, '烦死哒'),
	(NULL, ' 是的发送到', '玩儿', '问问', ' 我', NULL, '撒旦法湿度 '),
	(NULL, '是打烦死哒点', '二位 ', '玩玩儿', '儿', NULL, '烦死哒'),
	(NULL, '撒', '热情让 ', '问问', '我 ', NULL, '撒旦法 '),
	(NULL, '阿斯安抚芬发生的', '玩儿', '玩儿', '二位', NULL, '湿度'),
	(NULL, '否', ' 二位', '人玩儿', '我', NULL, '撒旦湿度'),
	('7454', '决策树（1）实例', '4', '根据条件判断导弹是否发射', '14', ' 根节点 :天气\r\n添加了节点天气:分裂属性 Overcast\r\n【属性Overcast】==>Yes\r\n添加了节点天气:分裂属性 Rain\r\n【属性Rain】==>风力\r\n添加了节点风力:分裂属性 Strong\r\n【属性Strong】==>No\r\n添加了节点风力:分裂属性 Weak\r\n【属性Weak】==>Yes\r\n添加了节点天气:分裂属性 Sunny\r\n【属性Sunny】==>湿度电磁干扰\r\n添加了节点湿度电磁干扰:分裂属性 High\r\n【属性High】==>No\r\n添加了节点湿度电磁干扰:分裂属性 Normal\r\n【属性Normal】==>Yes\r\n', '2016-07-05 23:58:44'),
	('4727', '决策树（1）实例', '4', '根据条件判断导弹是否发射', '14', ' 根节点 :天气\r\n添加了节点天气:分裂属性 Overcast\r\n【属性Overcast】==>Yes\r\n添加了节点天气:分裂属性 Rain\r\n【属性Rain】==>风力\r\n添加了节点风力:分裂属性 Strong\r\n【属性Strong】==>No\r\n添加了节点风力:分裂属性 Weak\r\n【属性Weak】==>Yes\r\n添加了节点天气:分裂属性 Sunny\r\n【属性Sunny】==>湿度电磁干扰\r\n添加了节点湿度电磁干扰:分裂属性 High\r\n【属性High】==>No\r\n添加了节点湿度电磁干扰:分裂属性 Normal\r\n【属性Normal】==>Yes\r\n', '2016-07-06 00:02:51'),
	('4959', '决策树（1）实例', '4', '根据条件判断导弹是否发射', '14', ' 根节点 :天气\r\n添加了节点天气:分裂属性 Overcast\r\n【属性Overcast】==>Yes\r\n添加了节点天气:分裂属性 Rain\r\n【属性Rain】==>风力\r\n添加了节点风力:分裂属性 Strong\r\n【属性Strong】==>No\r\n添加了节点风力:分裂属性 Weak\r\n【属性Weak】==>Yes\r\n添加了节点天气:分裂属性 Sunny\r\n【属性Sunny】==>湿度电磁干扰\r\n添加了节点湿度电磁干扰:分裂属性 High\r\n【属性High】==>No\r\n添加了节点湿度电磁干扰:分裂属性 Normal\r\n【属性Normal】==>Yes\r\n', '2016-07-07 13:57:20'),
	('8770', '决策树（1）实例', '4', '根据条件判断导弹是否发射', '14', NULL, '2016-07-07 13:58:00'),
	('4426', '决策树（1）实例', '4', '根据条件判断导弹是否发射', '14', ' 根节点 :天气\r\n添加了节点天气:分裂属性 Overcast\r\n【属性Overcast】==>Yes\r\n添加了节点天气:分裂属性 Rain\r\n【属性Rain】==>风力\r\n添加了节点风力:分裂属性 Strong\r\n【属性Strong】==>No\r\n添加了节点风力:分裂属性 Weak\r\n【属性Weak】==>Yes\r\n添加了节点天气:分裂属性 Sunny\r\n【属性Sunny】==>湿度电磁干扰\r\n添加了节点湿度电磁干扰:分裂属性 High\r\n【属性High】==>No\r\n添加了节点湿度电磁干扰:分裂属性 Normal\r\n【属性Normal】==>Yes\r\n', '2016-07-07 13:59:48');
/*!40000 ALTER TABLE `topic_table` ENABLE KEYS */;
/*!40101 SET SQL_MODE=IFNULL(@OLD_SQL_MODE, '') */;
/*!40014 SET FOREIGN_KEY_CHECKS=IF(@OLD_FOREIGN_KEY_CHECKS IS NULL, 1, @OLD_FOREIGN_KEY_CHECKS) */;
/*!40101 SET CHARACTER_SET_CLIENT=@OLD_CHARACTER_SET_CLIENT */;
